global_idx,theme,prompt,strategy,seed,token_ids,text
0,News,"The government announced a new economic policy today, stating that",greedy,,"[340, 481, 366, 43043, 284, 1325, 287, 262, 2478, 286, 262, 1499, 338, 6884, 290, 6884, 4493, 11, 1390, 262, 2478, 286, 649, 6884, 4493, 11, 290, 284, 1325, 287, 262, 2478, 286, 262, 1499, 338, 6884, 290, 6884, 4493, 11, 1390, 262, 2478, 286, 649, 6884, 4493, 11, 290, 284, 1325, 287, 262, 2478, 286, 262, 1499, 338, 6884, 290, 6884, 4493, 11, 1390, 262, 2478, 286, 649, 6884, 4493, 11, 290, 284, 1325, 287, 262, 2478, 286, 262, 1499, 338, 6884, 290, 6884, 4493, 11, 1390, 262, 2478, 286, 649, 6884, 4493, 11, 290, 284, 1325, 287, 262, 2478, 286, 262, 1499, 338, 6884, 290, 6884, 4493, 11, 1390, 262, 2478, 286, 649, 6884, 4493, 11, 290, 284, 1325, 287, 262, 2478, 286, 262, 1499, 338, 6884, 290, 6884, 4493, 11, 1390, 262, 2478, 286, 649, 6884, 4493, 11, 290, 284, 1325, 287, 262, 2478, 286, 262, 1499, 338, 6884, 290, 6884, 4493, 11, 1390, 262, 2478, 286, 649, 6884, 4493, 11, 290, 284, 1325, 287, 262, 2478, 286, 262, 1499, 338, 6884, 290, 6884, 4493, 11, 1390, 262, 2478, 286, 649, 6884, 4493, 11, 290, 284, 1325, 287, 262, 2478, 286, 262, 1499, 338, 6884, 290, 6884]"," it will ""continue to invest in the development of the country's infrastructure and infrastructure projects, including the development of new infrastructure projects, and to invest in the development of the country's infrastructure and infrastructure projects, including the development of new infrastructure projects, and to invest in the development of the country's infrastructure and infrastructure projects, including the development of new infrastructure projects, and to invest in the development of the country's infrastructure and infrastructure projects, including the development of new infrastructure projects, and to invest in the development of the country's infrastructure and infrastructure projects, including the development of new infrastructure projects, and to invest in the development of the country's infrastructure and infrastructure projects, including the development of new infrastructure projects, and to invest in the development of the country's infrastructure and infrastructure projects, including the development of new infrastructure projects, and to invest in the development of the country's infrastructure and infrastructure projects, including the development of new infrastructure projects, and to invest in the development of the country's infrastructure and infrastructure"
0,News,"The government announced a new economic policy today, stating that",top_p,11.0,"[366, 42122, 777, 1115, 13620, 11, 3349, 481, 2555, 284, 4378, 2440, 832, 1195, 19, 526, 632, 468, 8203, 11, 2158, 11, 326, 428, 19360, 3793, 21588, 422, 3269, 286, 2813, 13, 383, 327, 3, 21, 13, 19, 12989, 14166, 422, 2807, 338, 5001, 286, 371, 2749, 9747, 30251, 938, 1227, 373, 2727, 287, 636, 416, 32017, 19464, 4536, 287, 262, 7740, 1499, 11, 7186, 287, 281, 2620, 287, 262, 1271, 286, 3215, 4896, 287, 262, 6567, 13, 632, 468, 890, 587, 1900, 326, 2807, 318, 6095, 284, 1382, 319, 663, 4896, 290, 7593, 2779, 287, 1994, 5939, 13, 2080, 3292, 6078, 1700, 2974, 11, 3999, 2706, 635, 5380, 584, 649, 5939, 13, 1114, 1672, 11, 4100, 559, 338, 5301, 286, 12506, 481, 1037, 287, 8620, 262, 34847, 290, 815, 1037, 2807, 26091, 3034, 3349, 287, 262, 1499, 13, 8013, 257, 1410, 1244, 635, 26724, 2252, 3292, 3349, 11, 355, 3292, 11807, 468, 3220, 422, 720, 23, 2997, 287, 3648, 284, 720, 1828, 2997, 287, 2321, 11, 981, 3230, 3292, 12, 3083, 11, 262, 1241, 318, 772, 3744, 287, 2807, 13, 770, 1245, 318, 5059, 510, 262, 1393, 287, 649, 4896, 287, 2807, 338, 9138, 16020, 11, 543, 547, 739]"," ""during these three quarters, growth will continue to tick higher through Q4."" It has indicated, however, that this outlook remains unchanged from January of 2011. The C$6.4 trillion boom from China's purchase of RBC Capital Markets last month was created in part by booming commodity prices in the Asian country, resulting in an increase in the number of foreign investment in the sector. It has long been known that China is seeking to build on its investment and industrial base in key markets. With trade losing record levels, Chinese companies also seek other new markets. For example, Macau's package of reforms will help in raising the yuan and should help China bolster economic growth in the country. Such a plan might also spur further trade growth, as trade deficit has increased from $8 billion in 2008 to $22 billion in 2012, while international trade-wise, the level is even greater in China. This effect is driving up the interest in new investment in China's manufacturing sectors, which were under"
0,News,"The government announced a new economic policy today, stating that",top_p,22.0,"[262, 3482, 481, 10400, 736, 8715, 3965, 287, 262, 2406, 1933, 284, 4829, 287, 257, 1218, 640, 13, 770, 1724, 326, 262, 1459, 5969, 2494, 379, 4248, 16, 13, 2548, 318, 1884, 284, 4485, 416, 546, 767, 13, 20, 14751, 284, 4248, 16, 13, 5999, 287, 2864, 11, 351, 10610, 7396, 416, 546, 807, 13, 20, 14751, 13, 770, 481, 307, 3940, 416, 281, 2620, 286, 362, 13, 23, 14751, 287, 12131, 13, 198, 198, 32475, 4904, 22132, 20517, 10711, 7415, 13768, 262, 2551, 319, 3203, 11, 3597, 326, 262, 705, 17079, 2458, 6, 750, 407, 4174, 284, 262, 705, 5796, 2571, 6, 5939, 13, 198, 198, 5189, 1781, 612, 481, 307, 281, 4238, 4414, 286, 262, 649, 2450, 11, 475, 356, 481, 635, 761, 284, 4155, 326, 17038, 1663, 11, 2138, 621, 1650, 736, 290, 1309, 262, 5939, 5409, 644, 484, 821, 922, 379, 13, 383, 3015, 329, 736, 8715, 3965, 2058, 706, 812, 286, 1057, 12, 1040, 351, 262, 14896, 11, 3756, 284, 257, 513, 14751, 2121, 287, 46499, 1201, 2901, 3050, 11, 290, 784, 4630, 2131, 784, 257, 16470, 287, 262, 14896, 326, 2252, 336, 4948, 444, 674, 11754, 290, 4839, 2324, 13, 50256]"," the UK will introduce backdated rates in the coming months to kick in a second time. This means that the current fixed rate at £1.38 is likely to rise by about 7.5pc to £1.83 in 2018, with inflation rising by about 8.5pc. This will be followed by an increase of 2.8pc in 2020.

Labour MP Ruth Cadbury yesterday defended the decision on Facebook, writing that the 'economic changes' did not apply to the 'smarter' markets.

Of course there will be an initial benefit of the new policy, but we will also need to ensure that entrepreneurs grow, rather than sit back and let the markets decide what they're good at. The vote for backdated rates comes after years of run-ins with the pound, leading to a 3pc fall in sterling since July 2010, and – crucially – a leap in the pound that further stymies our banking and transport security."
0,News,"The government announced a new economic policy today, stating that",top_p,33.0,"[340, 468, 262, 366, 42404, 284, 5249, 4258, 1487, 355, 880, 355, 39339, 340, 526, 198, 198, 464, 649, 481, 1575, 720, 25964, 2997, 329, 477, 1802, 2678, 739, 2478, 287, 262, 6135, 12, 1941, 6772, 11, 257, 1575, 326, 481, 4574, 262, 2756, 286, 3056, 832, 262, 9753, 625, 257, 1813, 4129, 286, 640, 11, 531, 262, 2050, 11, 543, 7746, 663, 13530, 379, 6301, 5441, 4, 286, 663, 5150, 3227, 416, 12131, 13, 1320, 23677, 656, 1088, 720, 6200, 2997, 583, 614, 416, 12131, 11, 393, 720, 19, 13, 17, 583, 1048, 583, 1110, 13, 198, 198, 53, 9682, 318, 530, 286, 262, 2678, 810, 262, 3278, 468, 1043, 3056, 4536, 389, 7463, 11, 2263, 262, 2756, 286, 262, 995, 338, 1218, 4094, 11515, 503, 286, 663, 3151, 13, 383, 1898, 13, 1073, 13, 80, 13, 6922, 11, 543, 481, 8720, 3896, 286, 262, 720, 1270, 13, 1495, 1067, 47, 67, 286, 4238, 4896, 329, 257, 5257, 1814, 11, 2087, 326, 1231, 257, 1451, 11, 339, 13423, 3056, 11408, 284, 1234, 319, 511, 2366, 262, 3833, 13, 198, 198, 1925, 4131, 282, 347, 14715, 463, 357, 454, 3215, 2316, 4706, 8, 550, 1965, 609, 4131, 282, 284, 2912]"," it has the ""capacity to combat climate change as well as eradicate it.""

The new will cost $390 billion for all 100 countries under development in the 65-year cycle, a cost that will push the price of oil through the roof over a given length of time, said the study, which estimates its effectiveness at selling 75% of its proposed production by 2020. That translates into around $300 billion per year by 2020, or $4.2 per person per day.

Virts is one of the countries where the poll has found oil prices are falling, taking the price of the world's second biggest reserve out of its reach. The Euro.co.q. ruling, which will officially rule of the $30.25 crPd of initial investment for a managed fund, added that without a cap, he expects oil producers to put on their foot the pressure.

Chambal Bashaud (our foreign relations manager) had asked Chambal to comment"
1,News,Local authorities issued a warning after heavy rainfall caused,greedy,,"[17448, 290, 29433, 1460, 287, 3354, 286, 4243, 328, 9900, 290, 7346, 3006, 11, 13891, 2975, 3067, 290, 4445, 1204, 8916, 14, 6633, 1987, 14, 1120, 718, 2693, 2864, 26122, 6769, 12734, 355, 484, 9960, 1613, 257, 29780, 422, 810, 2258, 4969, 338, 3554, 6502, 17960, 791, 373, 4964, 11, 1141, 257, 2347, 7903, 319, 6502, 13778, 29802, 6616, 287, 21614, 13, 383, 2422, 16134, 373, 2714, 284, 1317, 262, 7027, 4317, 400, 10955, 11, 475, 1006, 13363, 422, 4478, 572, 262, 987, 35415, 22681, 12798, 326, 423, 1775, 340, 2277, 351, 3294, 3230, 9388, 8916, 14, 6633, 1679, 14, 1120, 642, 2693, 2864, 1294, 13241, 4287, 3251, 257, 5402, 273, 355, 8974, 18726, 21195, 1332, 6945, 1141, 262, 1218, 1110, 286, 465, 1294, 3845, 22351, 4606, 12641, 4854, 284, 307, 281, 22669, 4796, 319, 262, 1294, 5617, 3078, 13, 1992, 3759, 1301, 338, 15530, 5617, 3078, 10429, 18726, 21195, 318, 2938, 284, 1986, 28641, 14085, 422, 4956, 428, 1285, 625, 465, 17819, 286, 4787, 16989, 290, 465, 5471, 284, 7950, 8916, 14, 6633, 2608, 14, 1120, 604, 2693, 2864, 5245, 1886, 4979, 11490, 290, 5735, 32560, 24248, 24971, 706, 484, 547, 3181, 866, 416, 1913, 13520, 4073, 416, 37428]"," flooding and landslides in parts of Siliguri and surrounding areas, affecting road travel and daily life AFP/Getty 24/50 6 September 2018 Participants wave flowers as they march past a balcony from where North Korea's leader Kim Jong Un was watching, during a mass rally on Kim Il Sung square in Pyongyang. The military parade was held to mark the nations 70th birthday, but refrained from showing off the intercontinental ballistic missiles that have seen it hit with multiple international sanctions AFP/Getty 25/50 5 September 2018 US Capitol Police arrest a protestor as Judge Brett Kavanaugh testifies during the second day of his US Senate Judiciary Committee confirmation hearing to be an Associate Justice on the US Supreme Court. President Donald Trump's newest Supreme Court nominee Brett Kavanaugh is expected to face punishing questioning from Democrats this week over his endorsement of presidential immunity and his opposition to abortion AFP/Getty 26/50 4 September 2018 Damaged traffic boards and telecommunication relay poles after they were brought down by strong winds caused by typh"
1,News,Local authorities issued a warning after heavy rainfall caused,top_p,11.0,"[17448, 287, 257, 1748, 326, 373, 2277, 416, 257, 7463, 5509, 13, 1318, 547, 645, 7040, 2098, 1871, 262, 25307, 661, 508, 547, 2098, 355, 4713, 12, 17945, 416, 262, 3665, 11975, 1364, 416, 10923, 1820, 13, 8916, 14, 6633, 1987, 14, 1120, 352, 2693, 2864, 317, 7273, 958, 12, 42767, 17880, 37517, 12, 7410, 543, 1341, 1638, 276, 572, 262, 23443, 290, 4978, 2046, 1141, 9581, 11, 379, 37126, 3230, 9003, 11, 287, 262, 3394, 2619, 6896, 12600, 13, 3284, 338, 9358, 5342, 1139, 257, 21277, 379, 262, 9003, 3724, 1141, 262, 6334, 2882, 706, 257, 9581, 45110, 1337, 1068, 572, 262, 886, 286, 262, 23443, 11, 656, 257, 7850, 3077, 290, 4978, 2046, 13, 1318, 547, 645, 7040, 2098, 1871, 262, 25307, 10405, 290, 2237, 5462, 1866, 15500, 262, 7273, 958, 17880, 37517, 11, 475, 262, 3394, 1535, 11957, 531, 1248, 661, 547, 6686, 13, 383, 2046, 373, 42774, 1626, 3624, 2431, 3486, 1679, 14, 1120, 3261, 2932, 2864, 337, 1798, 364, 5262, 4231, 12898, 14021, 338, 14825, 379, 18169, 16156, 10857, 287, 8488, 8916, 14, 6633, 2608, 14, 1120, 1542, 2932, 2864, 3764, 17114, 2342, 319, 355, 16209, 16470, 422, 257, 6175, 8860, 2046, 287, 262, 8434]"," flooding in a city that was hit by a falling tree. There were no deaths reported among the 164 people who were reported as fresh-hit by the powerful blast left by Lammy. AFP/Getty 24/50 1 September 2018 A Utair-operated Boeing 737-800 which skidded off the runway and caught fire during landing, at Sochi international airport, in the Russian Black Sea resort. Russia's transportation minister says a supervisor at the airport died during the emergency response after a landing airliner careered off the end of the runway, into a riverbed and caught fire. There were no deaths reported among the 164 passengers and six crew members aboard the Utair Boeing 737, but the Russian health ministry said 18 people were injured. The fire was extinguished within eight minutes AP 25/50 31 August 2018 Mourners attend Aretha Franklin's funeral at Greater Grace Temple in Detroit AFP/Getty 26/50 30 August 2018 Firefighters watch on as flames leap from a giant factory fire in the inner"
1,News,Local authorities issued a warning after heavy rainfall caused,top_p,22.0,"[17448, 287, 402, 2797, 333, 290, 617, 9725, 284, 37173, 13, 685, 464, 2669, 2947, 60, 198, 198, 38150, 286, 10380, 781, 3543, 284, 1029, 1524, 287, 4392, 198, 198, 45272, 5587, 7977, 8649, 198, 198, 37837, 6745, 6325, 10829, 471, 13, 50, 7874, 17078, 9906, 6553, 422, 4392, 11, 1863, 351, 720, 1238, 1510, 287, 2422, 6133, 329, 262, 6318, 5471, 198, 198, 28951, 1424, 5611, 11278, 355, 26665, 2277, 14034, 6116, 198, 198, 33, 1077, 283, 435, 12, 23622, 25, 3284, 481, 4654, 2832, 198, 198, 3791, 471, 13, 50, 13, 1410, 3848, 329, 12285, 6318, 4390, 12700, 198, 198, 5167, 5205, 422, 18593, 198, 198, 5167, 5205, 286, 18593, 198, 198, 21197, 286, 18593, 11, 4392, 11, 422, 4332, 6849, 25, 1374, 284, 3232, 18593, 198, 198, 5167, 18593, 5986, 319, 4916, 20092, 50256]"," flooding in Guntur and some roads to reopen. [The Washington Post]

Hundreds of civilians flocked to high school in Syria

Army strike targeted terrorism

Military council approved removing U.S.-backed coalition troops from Syria, along with $20 million in military aid for the Syrian opposition

Rebels launched explosion as airstrikes hit rebel positions

Bashar al-Assad: Russia will join hands

New U.S. plan calls for backing Syrian Democratic Forces

More photos from Aleppo

More photos of Aleppo

Photos of Aleppo, Syria, from PressTV: How to Free Aleppo

More Aleppo pictures on USA TODAY"
1,News,Local authorities issued a warning after heavy rainfall caused,top_p,33.0,"[17448, 13, 198, 198, 28705, 423, 925, 645, 3068, 286, 644, 12053, 262, 6388, 11, 475, 612, 373, 25556, 1393, 287, 262, 10309, 3035, 1478, 6388, 290, 4058, 286, 257, 3249, 379, 262, 45726, 2351, 20604, 257, 1178, 1528, 1568, 546, 10192, 262, 3952, 422, 20228, 13, 198, 198, 36623, 13772, 262, 7765, 12, 929, 869, 319, 262, 783, 12, 4299, 16260, 1448, 6127, 2297, 543, 3360, 18563, 11776, 326, 262, 23964, 318, 393, 815, 307, 11987, 355, 257, 3288, 9336, 13, 198, 198, 33, 312, 329, 1223, 284, 1234, 287, 262, 23964, 12, 4108, 1886, 45726, 3793, 749, 7634, 6692, 284, 262, 7110, 1010, 290, 511, 10655, 13, 198, 198, 32, 4347, 11416, 6523, 4999, 262, 6614, 6872, 1315, 10405, 12120, 287, 1737, 11, 475, 750, 407, 5911, 262, 1467, 12, 1941, 12, 727, 471, 13, 50, 13, 2415, 5174, 287, 262, 16280, 286, 262, 11975, 13, 198, 198, 6, 1135, 389, 41586, 290, 36943, 416, 428, 15444, 13574, 4032, 1812, 2732, 6523, 1757, 23965, 531, 287, 257, 2643, 13, 198, 198, 6, 1870, 326, 318, 1521, 356, 423, 6149, 262, 3224, 6829, 287, 5137, 257, 1336, 7628, 1410, 656, 1245, 13, 887, 356, 765, 284, 5503, 326, 661]"," flooding.

Authorities have made no mention of what prompted the storm, but there was heightened interest in the deadly April 14 storm and ahead of a meeting at the Bahamas National Parks a few days later about protecting the park from storms.

Critics blamed the wake-up call on the now-defunct group Code Red which sometimes disputes suggestions that the hurricane is or should be regarded as a natural disaster.

Bid for something to put in the hurricane-ravaged Bahamas remains most strongly linked to the plotters and their legacy.

A Port Authority spokesman confirmed the plane carrying 15 passengers disappeared in May, but did not identify the 16-year-old U.S. woman identified in the aftermath of the blast.

'We are appalled and disgusted by this tragic tragedy,' State Department spokesman John Kirby said in a statement.

'And that is why we have ordered the additional assistance in putting a full recovery plan into effect. But we want to stress that people"
2,News,The company's stock price fell sharply this morning following,greedy,,"[262, 8009, 286, 262, 1664, 338, 17235, 12180, 13, 198, 198, 464, 1664, 338, 4283, 2756, 468, 9292, 416, 517, 621, 1160, 4, 1201, 262, 12180, 11, 290, 663, 7303, 423, 9292, 416, 517, 621, 1160, 4, 1201, 262, 12180, 13, 198, 198, 464, 1664, 338, 4283, 2756, 468, 9292, 416, 517, 621, 1160, 4, 1201, 262, 12180, 11, 290, 663, 7303, 423, 9292, 416, 517, 621, 1160, 4, 1201, 262, 12180, 13, 198, 198, 464, 1664, 338, 4283, 2756, 468, 9292, 416, 517, 621, 1160, 4, 1201, 262, 12180, 11, 290, 663, 7303, 423, 9292, 416, 517, 621, 1160, 4, 1201, 262, 12180, 13, 198, 198, 464, 1664, 338, 4283, 2756, 468, 9292, 416, 517, 621, 1160, 4, 1201, 262, 12180, 11, 290, 663, 7303, 423, 9292, 416, 517, 621, 1160, 4, 1201, 262, 12180, 13, 198, 198, 464, 1664, 338, 4283, 2756, 468, 9292, 416, 517, 621, 1160, 4, 1201, 262, 12180, 11, 290, 663, 7303, 423, 9292, 416, 517, 621, 1160, 4, 1201, 262, 12180, 13, 198, 198, 464, 1664, 338, 4283, 2756, 468, 9292, 416, 517, 621, 1160, 4, 1201, 262, 12180, 11, 290, 663, 7303, 423, 9292, 416, 517, 621, 1160, 4, 1201, 262, 12180]"," the announcement of the company's bankruptcy filing.

The company's stock price has fallen by more than 20% since the filing, and its shares have fallen by more than 20% since the filing.

The company's stock price has fallen by more than 20% since the filing, and its shares have fallen by more than 20% since the filing.

The company's stock price has fallen by more than 20% since the filing, and its shares have fallen by more than 20% since the filing.

The company's stock price has fallen by more than 20% since the filing, and its shares have fallen by more than 20% since the filing.

The company's stock price has fallen by more than 20% since the filing, and its shares have fallen by more than 20% since the filing.

The company's stock price has fallen by more than 20% since the filing, and its shares have fallen by more than 20% since the filing"
2,News,The company's stock price fell sharply this morning following,top_p,11.0,"[257, 2837, 286, 7794, 2173, 13, 198, 198, 464, 4536, 286, 262, 5572, 6849, 82, 14121, 38428, 7222, 338, 11112, 19952, 284, 720, 24839, 13, 2481, 319, 262, 1110, 286, 262, 1664, 338, 41805, 290, 262, 3741, 286, 663, 7303, 547, 7313, 379, 720, 18376, 13, 198, 198, 3260, 23617, 338, 4283, 1816, 510, 11, 262, 4283, 373, 866, 1248, 13, 4304, 4, 284, 1969, 379, 720, 14454, 13, 4524, 11, 393, 513, 16059, 583, 2648, 11, 3688, 284, 257, 890, 12, 4354, 1910, 2494, 286, 720, 16616, 13, 2231, 11, 1864, 284, 32425, 8428, 1366, 13, 198, 198, 1, 1639, 836, 470, 765, 284, 307, 307, 2077, 4621, 286, 618, 345, 2121, 656, 257, 14310, 553, 531, 8239, 33996, 11, 12499, 379, 10274, 694, 5976, 263, 7488, 278, 11419, 287, 8533, 11, 3936, 13, 198, 198, 9742, 7371, 338, 4283, 3214, 352, 13, 23, 4, 284, 720, 4309, 13, 5999, 287, 47168, 7313, 706, 38428, 7222, 531, 340, 561, 366, 33329, 5380, 257, 7741, 1, 287, 663, 2648, 2756, 13, 50256]"," a range of decline points.

The prices of the HDTVs bearing PepsiCo's logo climbed to $183.21 on the day of the company's IPO and the majority of its shares were trading at $122.

After Dell's stock went up, the stock was down 18.76% to close at $109.74, or 3 cents per share, compared to a long-term market rate of $113.45, according to Thomson Reuters data.

""You don't want to be be taken advantage of when you fall into a bubble,"" said Steven Mayer, analyst at Banckhaber Investing LLC in Dallas, Texas.

McDonald's stock fell 1.8% to $52.83 in midday trading after PepsiCo said it would ""actively seek a reduction"" in its share price."
2,News,The company's stock price fell sharply this morning following,top_p,22.0,"[1301, 338, 5373, 938, 1755, 13, 198, 198, 49, 24913, 5451, 5451, 11, 546, 257, 4153, 12, 11374, 3708, 422, 1301, 338, 1459, 1363, 287, 15585, 18462, 11, 399, 13, 41, 1539, 468, 1775, 257, 1688, 13279, 929, 286, 663, 3773, 355, 262, 1499, 1718, 287, 13188, 286, 5054, 286, 4865, 19277, 13, 887, 340, 1595, 470, 804, 588, 262, 19135, 284, 1301, 338, 3071, 468, 1541, 587, 355, 11859, 355, 379, 640, 286, 262, 2151, 338, 749, 2274, 3071, 13, 198, 198, 1, 1135, 423, 2722, 3848, 422, 2766, 1973, 262, 1499, 1909, 422, 661, 7960, 546, 703, 484, 821, 1016, 284, 1730, 351, 428, 523, 326, 356, 460, 2555, 284, 18330, 2506, 553, 531, 5811, 28559, 700, 11, 4870, 286, 262, 32486, 26454, 6333, 3232, 347, 2304, 15379, 11, 543, 4438, 319, 3217, 1542, 649, 6266, 329, 720, 16, 13, 2920, 13, 366, 2990, 547, 7960, 546, 262, 1243, 262, 661, 286, 968, 1971, 1244, 2822, 13, 1119, 6304, 470, 1016, 284, 307, 1498, 284, 5001, 428, 287, 968, 1971, 526, 198, 198, 5962, 8741, 2766, 910, 511, 11954, 389, 287, 1793, 13, 314, 869, 262, 869, 286, 674, 11989, 290, 14850, 25, 402, 9306, 15958, 13, 1195]"," Trump's victory last night.

Rikers Island Island, about a 45-minute drive from Trump's current home in Bedminster, N.J., has seen a major shakeup of its economy as the country took in billions of dollars of border tourism. But it doesn't look like the backlash to Trump's election has already been as harsh as at time of the party's most recent election.

""We have received calls from leaders across the country today from people worried about how they're going to deal with this so that we can continue to inspire everyone,"" said Bob Raburn, owner of the Bronx supermarket chain Free Biscuits, which offered on Friday 30 new orders for $1.49. ""They were worried about the things the people of New York might buy. They weren't going to be able to purchase this in New York.""

First Nation leaders say their hearts are in God. I call the call of our sons and daughters: GIVE UP. Q"
2,News,The company's stock price fell sharply this morning following,top_p,33.0,"[663, 13393, 2551, 284, 11238, 1708, 262, 11616, 422, 7008, 508, 5371, 340, 286, 43567, 366, 16184, 539, 3056, 290, 33204, 1, 625, 1466, 13, 198, 198, 2953, 717, 11, 326, 3947, 588, 340, 561, 3613, 257, 1256, 286, 1637, 618, 340, 1682, 750, 11, 475, 319, 3635, 262, 1664, 2277, 257, 2975, 9967, 25, 262, 1294, 10193, 783, 20075, 45612, 11, 3735, 11, 290, 11219, 3186, 319, 262, 4308, 326, 484, 4646, 20881, 290, 14383, 2465, 13, 198, 198, 464, 2551, 416, 262, 5618, 9601, 4513, 1838, 340, 262, 2368, 4086, 284, 3958, 45612, 329, 5044, 1535, 13, 6023, 4086, 318, 2263, 257, 2092, 1302, 11, 996, 340, 468, 1865, 284, 1011, 257, 517, 8630, 12046, 319, 262, 2071, 13, 198, 198, 464, 10193, 4086, 750, 407, 2650, 663, 11154, 319, 45612, 13, 1320, 2551, 11, 588, 867, 584, 1230, 4028, 11, 318, 281, 1593, 530, 13, 383, 6167, 460, 467, 284, 2687, 508, 24779, 257, 1664, 338, 14380, 475, 691, 611, 340, 318, 2702, 287, 281, 6325, 3650, 13, 2773, 351, 26636, 36665, 460, 635, 2822, 262, 1720, 379, 16918, 7000, 290, 287, 23629, 13, 198, 198, 7416, 25, 13512, 262, 40423, 198, 198, 9819, 25, 317, 3596]"," its stunning decision to quit following the outrage from consumers who accused it of favoring ""snake oil and cigars"" over women.

At first, that seemed like it would save a lot of money when it actually did, but on Thursday the company hit a roadblock: the US EPA now bans peanuts, fat, and tobacco products on the basis that they reduce inflammation and liver damage.

The decision by the Federal Trade Commission makes it the third agency to ban peanuts for animal health. Another agency is taking a similar stand, though it has yet to take a more measured stance on the issue.

The EPA agency did not release its guidance on peanuts. That decision, like many other government actions, is an important one. The label can go to anyone who buys a company's nuts but only if it is sold in an approved store. Some with peanut allergies can also buy the product at grocery stores and in shelters.

Source: Brand the Goat

Related: A Day"
3,News,Officials confirmed that the investigation into the incident,greedy,,"[373, 7044, 13, 198, 198, 464, 4519, 5091, 379, 546, 807, 25, 1270, 279, 13, 76, 13, 319, 262, 976, 2512, 355, 262, 2635, 2097, 13, 198, 198, 464, 2635, 2097, 531, 287, 257, 2643, 326, 262, 1893, 373, 366, 22089, 306, 40434, 1, 416, 262, 4519, 13, 198, 198, 1, 10364, 1301, 290, 465, 1074, 423, 587, 1762, 47905, 284, 4155, 326, 262, 3747, 286, 674, 3277, 318, 286, 262, 27878, 6817, 553, 262, 2643, 531, 13, 366, 1135, 389, 1762, 351, 1099, 5394, 290, 262, 5349, 284, 4155, 326, 262, 1992, 290, 465, 1074, 389, 2714, 16689, 329, 428, 7818, 4519, 526, 198, 198, 464, 2635, 2097, 531, 262, 1893, 373, 366, 22089, 306, 40434, 1, 416, 262, 4519, 13, 198, 198, 1, 1135, 389, 1762, 351, 1099, 5394, 290, 262, 5349, 284, 4155, 326, 262, 1992, 290, 465, 1074, 389, 2714, 16689, 329, 428, 7818, 4519, 553, 262, 2643, 531, 13, 366, 1135, 389, 1762, 351, 1099, 5394, 290, 262, 5349, 284, 4155, 326, 262, 1992, 290, 465, 1074, 389, 2714, 16689, 329, 428, 7818, 4519, 526, 198, 198, 464, 2635, 2097, 531, 262, 1893, 373, 366, 22089, 306, 40434, 1, 416, 262, 4519, 13, 198, 198]"," was ongoing.

The incident occurred at about 8:30 p.m. on the same block as the White House.

The White House said in a statement that the president was ""deeply saddened"" by the incident.

""President Trump and his team have been working tirelessly to ensure that the safety of our nation is of the utmost importance,"" the statement said. ""We are working with law enforcement and the FBI to ensure that the President and his team are held accountable for this terrible incident.""

The White House said the president was ""deeply saddened"" by the incident.

""We are working with law enforcement and the FBI to ensure that the President and his team are held accountable for this terrible incident,"" the statement said. ""We are working with law enforcement and the FBI to ensure that the President and his team are held accountable for this terrible incident.""

The White House said the president was ""deeply saddened"" by the incident.

"
3,News,Officials confirmed that the investigation into the incident,top_p,11.0,"[468, 4838, 13, 198, 198, 35192, 35507, 25, 198, 198, 35192, 370, 24010, 7013, 34178, 12011, 16034, 5923, 14887, 1340, 32, 0, 5865, 510, 329, 674, 13129, 198, 198, 464, 4086, 4752, 284, 423, 1043, 262, 3624, 12, 5898, 12, 6511, 4048, 3117, 373, 17686, 306, 18513, 416, 262, 582, 618, 673, 1816, 284, 4268, 262, 1802, 12, 19568, 5156, 13, 366, 818, 1339, 673, 373, 281, 10966, 5156, 290, 714, 10303, 262, 1310, 582, 287, 607, 5101, 284, 508, 3768, 11, 673, 788, 10357, 262, 5156, 736, 284, 607, 1097, 290, 18513, 262, 2415, 287, 2166, 286, 262, 5156, 329, 2237, 2250, 13, 1375, 12412, 10357, 607, 1767, 284, 262, 1323, 2245, 287, 2166, 286, 607, 734, 1751, 290, 3088, 284, 1560, 606, 326, 673, 1422, 470, 765, 284, 1826, 262, 582, 11, 262, 2415, 531, 673, 1422, 470, 765, 284, 772, 467, 284, 262, 1323, 2245, 11, 757, 8512, 673, 3521, 470, 1037, 607, 757, 351, 428, 25115, 3074, 13, 198, 198, 40438, 43602, 25, 6401, 25434, 4287, 12, 41502, 13, 8982, 36832, 318, 284, 1085, 262, 3645, 656, 262, 4519, 11, 543, 318, 852, 5716, 355, 257, 5465, 4065, 13, 366, 1199, 11750, 262, 3117, 6150, 555]"," has closed.

WATCH VIDEO:

WATCH WOULD YOU LIKE MORE FROM ARIZONA! Sign up for our newsletter

The agency claimed to have found the eight-foot-long female victim was viciously assaulted by the man when she went to drop the 100-pound baby. ""In case she was an attractive baby and could lift the little man in her arms to whoosh, she then drove the baby back to her car and assaulted the woman in front of the baby for six hours. She subsequently drove her body to the bus stop in front of her two children and tried to tell them that she didn't want to meet the man, the woman said she didn't want to even go to the bus stop, again claiming she couldn't help her again with this traumatic situation.

BREAKING: Fort Myers Police-Insp. Jason Watkins is to lead the investigation into the incident, which is being treated as a hate crime. ""Whilst the victim remained un"
3,News,Officials confirmed that the investigation into the incident,top_p,22.0,"[468, 407, 1865, 587, 5668, 13, 198, 198, 49, 16487, 26899, 11, 22175, 379, 257, 4302, 9198, 2870, 4928, 287, 13797, 11, 1297, 13845, 77, 15630, 326, 339, 550, 587, 2950, 287, 257, 4553, 11443, 329, 4260, 46856, 9750, 287, 1903, 1737, 11, 618, 339, 2982, 366, 64, 1256, 286, 14788, 1088, 262, 4928, 553, 1864, 284, 40249, 2606, 12, 6849, 13, 198, 198, 1, 40, 2982, 3294, 6934, 11, 1115, 379, 262, 976, 640, 13, 198, 198, 1, 32, 1448, 286, 45805, 290, 3863, 734, 337, 22490, 1902, 292, 269, 12427, 641, 612, 685, 1078, 6021, 60, 514, 13, 314, 1807, 340, 373, 257, 14918, 1785, 11, 655, 257, 19122, 13, 775, 655, 550, 257, 4203, 11, 475, 314, 3521, 470, 467, 503, 329, 257, 981, 553, 26899, 531, 11, 1864, 284, 11133, 17375, 46646, 17511, 13, 198, 198, 35, 17890, 318, 1871, 3598, 661, 508, 423, 587, 5169, 287, 4637, 351, 262, 4260, 33379, 13, 198, 198, 4821, 284, 3136, 11, 4302, 2800, 550, 3402, 510, 379, 530, 286, 262, 4928, 338, 2274, 18721, 287, 3035, 11, 810, 1467, 661, 547, 5169, 13, 2893, 4330, 832, 262, 15779, 290, 319, 262, 24058, 810, 262, 19207, 1718, 1295, 11]"," has not yet been completed.

Ramon Diaz, pastor at a Christian preparatory church in Mississippi, told msnbc that he had been involved in a separate prayer for alleged Pagan involvement in early May, when he heard ""a lot of screaming around the church,"" according to KHOU-TV.

""I heard multiple shots, three at the same time.

""A group of nuns and maybe two Mardi Gras canteens there [attacked] us. I thought it was a Satan event, just a clash. We just had a feeling, but I couldn't go out for a while,"" Diaz said, according to CBS affiliate KMGH.

Diaz is among seven people who have been arrested in connection with the alleged standoff.

According to reports, Christian contact had shown up at one of the church's recent demonstrations in April, where 16 people were arrested. While fighting through the crowds and on the sidewalk where the confrontation took place,"
3,News,Officials confirmed that the investigation into the incident,top_p,33.0,"[318, 7044, 13, 198, 198, 32, 11287, 1181, 41967, 635, 5158, 284, 262, 27058, 319, 3431, 546, 262, 2700, 290, 262, 3074, 11, 290, 339, 531, 1644, 547, 991, 17247, 326, 4519, 13, 198, 198, 15269, 1584, 416, 370, 41, 25010, 3000, 19, 41, 897, 532, 1439, 2489, 10395, 13, 50256]"," is ongoing.

A Tennessee state trooper also spoke to the Observer on Tuesday about the force and the situation, and he said police were still examining that incident.

Copyright 2016 by WJXT News4Jax - All rights reserved."
4,Narrative,"Once upon a time in a small village, there lived an old man who",greedy,,"[550, 587, 257, 18739, 13, 679, 550, 587, 257, 18739, 329, 257, 890, 640, 11, 290, 550, 587, 257, 18739, 329, 257, 890, 640, 13, 679, 550, 587, 257, 18739, 329, 257, 890, 640, 13, 679, 550, 587, 257, 18739, 329, 257, 890, 640, 13, 679, 550, 587, 257, 18739, 329, 257, 890, 640, 13, 679, 550, 587, 257, 18739, 329, 257, 890, 640, 13, 679, 550, 587, 257, 18739, 329, 257, 890, 640, 13, 679, 550, 587, 257, 18739, 329, 257, 890, 640, 13, 679, 550, 587, 257, 18739, 329, 257, 890, 640, 13, 679, 550, 587, 257, 18739, 329, 257, 890, 640, 13, 679, 550, 587, 257, 18739, 329, 257, 890, 640, 13, 679, 550, 587, 257, 18739, 329, 257, 890, 640, 13, 679, 550, 587, 257, 18739, 329, 257, 890, 640, 13, 679, 550, 587, 257, 18739, 329, 257, 890, 640, 13, 679, 550, 587, 257, 18739, 329, 257, 890, 640, 13, 679, 550, 587, 257, 18739, 329, 257, 890, 640, 13, 679, 550, 587, 257, 18739, 329, 257, 890, 640, 13, 679, 550, 587, 257, 18739, 329, 257, 890, 640, 13, 679, 550, 587, 257, 18739, 329, 257, 890, 640, 13, 679, 550, 587, 257, 18739]"," had been a farmer. He had been a farmer for a long time, and had been a farmer for a long time. He had been a farmer for a long time. He had been a farmer for a long time. He had been a farmer for a long time. He had been a farmer for a long time. He had been a farmer for a long time. He had been a farmer for a long time. He had been a farmer for a long time. He had been a farmer for a long time. He had been a farmer for a long time. He had been a farmer for a long time. He had been a farmer for a long time. He had been a farmer for a long time. He had been a farmer for a long time. He had been a farmer for a long time. He had been a farmer for a long time. He had been a farmer for a long time. He had been a farmer for a long time. He had been a farmer"
4,Narrative,"Once upon a time in a small village, there lived an old man who",top_p,11.0,"[714, 407, 3993, 351, 465, 2988, 290, 547, 2138, 2626, 13, 1629, 1755, 339, 1297, 683, 326, 790, 1755, 11, 465, 4958, 561, 1702, 262, 40221, 286, 262, 13583, 286, 11475, 11, 290, 618, 339, 373, 3624, 812, 1468, 11, 339, 373, 8104, 319, 262, 2323, 287, 24140, 11, 290, 618, 314, 1816, 284, 1650, 2402, 262, 2323, 284, 25722, 11, 339, 6149, 616, 2802, 284, 466, 644, 673, 714, 284, 26958, 616, 2988, 338, 2356, 13, 1375, 750, 407, 892, 286, 340, 788, 11, 475, 11, 6970, 616, 6507, 4006, 11, 673, 757, 1444, 502, 351, 262, 4006, 286, 257, 6078, 1200, 13, 1375, 9167, 502, 284, 467, 284, 262, 13583, 286, 11475, 357, 22988, 307, 2402, 683, 8, 329, 1037, 13, 11475, 4684, 2921, 607, 257, 1738, 284, 1037, 502, 11, 290, 262, 13583, 531, 11, 366, 35087, 257, 14720, 1200, 13970, 345, 13, 679, 481, 1234, 340, 287, 262, 6899, 618, 345, 389, 757, 351, 534, 2988, 526, 3244, 11475, 772, 18259, 616, 2988, 338, 9963, 13, 198, 198, 464, 21981, 547, 351, 502, 355, 314, 3724, 13, 1119, 2714, 502, 878, 262, 13583, 286, 11475, 357, 22988, 307, 2402, 683, 8, 329, 546, 8208, 812, 878]"," could not sleep with his father and were rather lost. At night he told him that every night, his master would sing the praises of the Prophet of Allah, and when he was eight years old, he was laid on the ground in sorrow, and when I went to sit upon the ground to mourn, he ordered my mother to do what she could to relieve my father's pain. She did not think of it then, but, knowing my sad condition, she again called me with the condition of a losing child. She requested me to go to the Prophet of Allah (peace be upon him) for help. Allah willing gave her a reason to help me, and the Prophet said, ""Leave a hungry child beside you. He will put it in the hall when you are again with your father."" Then Allah even blessed my father's childhood.

The angels were with me as I died. They held me before the Prophet of Allah (peace be upon him) for about twenty years before"
4,Narrative,"Once upon a time in a small village, there lived an old man who",top_p,22.0,"[5615, 287, 257, 5228, 13, 383, 1468, 582, 373, 845, 6568, 546, 428, 2156, 11, 290, 1965, 262, 1468, 582, 284, 1577, 683, 617, 5894, 15921, 13, 679, 1718, 281, 3586, 3348, 290, 1965, 262, 1468, 582, 644, 16577, 15921, 339, 2622, 11, 290, 1718, 617, 543, 547, 5597, 11, 1863, 351, 617, 279, 378, 26, 290, 339, 1297, 262, 1468, 582, 326, 612, 389, 279, 378, 13, 383, 1468, 582, 2921, 262, 3586, 3348, 284, 683, 11, 290, 4750, 326, 262, 279, 378, 339, 5597, 373, 2147, 517, 621, 269, 48311, 11, 290, 750, 407, 2300, 284, 262, 1468, 582, 379, 477, 13, 2735, 618, 262, 1468, 582, 550, 17065, 777, 279, 378, 11, 262, 1468, 582, 1965, 611, 262, 8234, 373, 38421, 4494, 11, 290, 339, 531, 3763, 11, 290, 4438, 284, 2822, 607, 2063, 257, 19638, 286, 38421, 4494, 13, 1649, 262, 1468, 582, 4438, 284, 2822, 607, 2063, 257, 19638, 11, 262, 1468, 582, 373, 5281, 1497, 416, 20136, 11, 2282, 326, 673, 815, 307, 1479, 422, 257, 279, 21612, 2582, 13, 887, 673, 750, 407, 1265, 11, 290, 262, 1468, 582, 531, 326, 340, 373, 1744, 284, 1382, 7777, 810, 612, 389, 1576, 661, 13]"," lived in a corner. The old man was very excited about this house, and asked the old man to give him some dry fruits. He took an application paper and asked the old man what dried fruits he needed, and took some which were prepared, along with some pate; and he told the old man that there are pate. The old man gave the application paper to him, and mentioned that the pate he prepared was nothing more than cilantro, and did not matter to the old man at all. Now when the old man had eaten these pate, the old man asked if the fruit was cucumber, and he said yes, and offered to buy her half a packet of cucumber. When the old man offered to buy her half a packet, the old man was carried away by curiosity, saying that she should be free from a passe soon. But she did not ask, and the old man said that it was possible to build houses where there are enough people."
4,Narrative,"Once upon a time in a small village, there lived an old man who",top_p,33.0,"[6348, 510, 262, 691, 3735, 582, 287, 262, 7404, 13, 198, 198, 6653, 1438, 373, 22691, 2724, 272, 18013, 290, 339, 6151, 477, 1466, 2845, 465, 8737, 290, 1466, 1231, 326, 4800, 11, 339, 1239, 3177, 257, 1048, 355, 1913, 355, 683, 13, 198, 198, 1544, 561, 8365, 892, 286, 257, 2415, 475, 428, 4697, 582, 508, 8359, 3501, 11, 810, 27287, 22691, 2724, 272, 18013, 3360, 19951, 329, 465, 1767, 13, 1649, 673, 6451, 550, 284, 1265, 11, 339, 561, 892, 286, 607, 290, 788, 673, 561, 2245, 287, 5975, 11, 1566, 673, 373, 1965, 416, 281, 1468, 582, 351, 257, 25920, 83, 601, 588, 683, 11, 339, 2540, 284, 9480, 607, 866, 11, 339, 1239, 1807, 673, 561, 307, 2077, 50147, 416, 262, 835, 339, 7690, 607, 13, 198, 198, 2215, 262, 1854, 550, 257, 2863, 284, 2800, 683, 379, 1363, 11, 981, 2506, 714, 2652, 379, 1363, 290, 467, 284, 1524, 1231, 852, 19072, 416, 4697, 661, 11, 339, 561, 869, 257, 13430, 3809, 339, 1422, 470, 760, 11, 351, 465, 898, 2366, 1818, 3918, 13, 198, 198, 1870, 22691, 2724, 272, 18013, 714, 2193, 422, 606, 13, 198, 198, 464, 387, 28643, 1492, 326, 465, 661]"," grew up the only fat man in the village.

His name was Suzukanagi and he loved all women except his beauty and women without that protection, he never considered a person as strong as him.

He would rarely think of a woman but this older man who enjoyed giving, whereupon Suzukanagi sometimes cared for his body. When she suddenly had to ask, he would think of her and then she would stop in surprise, until she was asked by an old man with a maidtress like him, he began to calm her down, he never thought she would be taken aback by the way he chose her.

When the others had a chance to contact him at home, while everyone could stay at home and go to school without being interrupted by older people, he would call a junior voice he didn't know, with his own footwork style.

And Suzukanagi could learn from them.

The haiku book that his people"
5,Narrative,She opened the door slowly and saw something she never expected:,greedy,,"[257, 582, 287, 257, 2330, 10147, 290, 257, 2042, 9839, 13, 198, 198, 1, 40, 1101, 7926, 11, 314, 1101, 7926, 553, 673, 531, 13, 366, 40, 1101, 7926, 13, 314, 1101, 7926, 13, 314, 1101, 7926, 13, 314, 1101, 7926, 13, 314, 1101, 7926, 13, 314, 1101, 7926, 13, 314, 1101, 7926, 13, 314, 1101, 7926, 13, 314, 1101, 7926, 13, 314, 1101, 7926, 13, 314, 1101, 7926, 13, 314, 1101, 7926, 13, 314, 1101, 7926, 13, 314, 1101, 7926, 13, 314, 1101, 7926, 13, 314, 1101, 7926, 13, 314, 1101, 7926, 13, 314, 1101, 7926, 13, 314, 1101, 7926, 13, 314, 1101, 7926, 13, 314, 1101, 7926, 13, 314, 1101, 7926, 13, 314, 1101, 7926, 13, 314, 1101, 7926, 13, 314, 1101, 7926, 13, 314, 1101, 7926, 13, 314, 1101, 7926, 13, 314, 1101, 7926, 13, 314, 1101, 7926, 13, 314, 1101, 7926, 13, 314, 1101, 7926, 13, 314, 1101, 7926, 13, 314, 1101, 7926, 13, 314, 1101, 7926, 13, 314, 1101, 7926, 13, 314, 1101, 7926, 13, 314, 1101, 7926, 13, 314, 1101, 7926, 13, 314, 1101, 7926, 13, 314, 1101, 7926, 13, 314, 1101, 7926, 13, 314, 1101, 7926, 13, 314, 1101, 7926, 13, 314, 1101]"," a man in a white shirt and a black tie.

""I'm sorry, I'm sorry,"" she said. ""I'm sorry. I'm sorry. I'm sorry. I'm sorry. I'm sorry. I'm sorry. I'm sorry. I'm sorry. I'm sorry. I'm sorry. I'm sorry. I'm sorry. I'm sorry. I'm sorry. I'm sorry. I'm sorry. I'm sorry. I'm sorry. I'm sorry. I'm sorry. I'm sorry. I'm sorry. I'm sorry. I'm sorry. I'm sorry. I'm sorry. I'm sorry. I'm sorry. I'm sorry. I'm sorry. I'm sorry. I'm sorry. I'm sorry. I'm sorry. I'm sorry. I'm sorry. I'm sorry. I'm sorry. I'm sorry. I'm sorry. I'm sorry. I'm sorry. I'm sorry. I'm"
5,Narrative,She opened the door slowly and saw something she never expected:,top_p,11.0,"[257, 636, 286, 607, 326, 373, 2266, 13, 198, 198, 464, 1862, 2415, 373, 1297, 416, 530, 286, 607, 763, 12, 22896, 326, 673, 373, 17144, 290, 2227, 284, 423, 1714, 351, 607, 1966, 13850, 13, 366, 464, 2576, 318, 422, 12551, 13, 383, 1524, 318, 2641, 262, 12436, 13, 775, 1682, 1816, 287, 612, 284, 2190, 607, 290, 673, 338, 1719, 257, 922, 640, 553, 281, 8796, 1297, 6714, 11099, 7467, 13, 198, 198, 464, 6491, 11189, 326, 611, 339, 2622, 284, 1011, 257, 366, 1416, 25141, 6594, 1, 673, 561, 2513, 287, 290, 2198, 351, 262, 1644, 13, 383, 1966, 13850, 788, 4438, 284, 307, 2077, 284, 465, 649, 1295, 286, 7184, 13, 198, 198, 58, 37659, 62, 13571, 5657, 3670, 2625, 464, 384, 14814, 995, 286, 1869, 1219, 283, 5535, 1, 2792, 2625, 8973, 198, 198, 1537, 257, 4257, 1545, 6235, 503, 326, 262, 9837, 329, 6128, 30510, 550, 2147, 284, 466, 351, 257, 2415, 338, 18016, 11, 475, 2138, 257, 2300, 286, 4478, 607, 24083, 13, 198, 198, 464, 5371, 373, 19987, 284, 2193, 326, 2427, 286, 6464, 262, 9837, 329, 262, 6128, 30510, 11, 262, 1966, 13850, 561, 307, 22643, 329, 262, 640, 339, 550]"," a part of her that was red.

The young woman was told by one of her co-workers that she was sexy and wanted to have sex with her former boyfriend. ""The girl is from Singapore. The school is inside the bathroom. We actually went in there to treat her and she's having a good time,"" an assistant told Daily Mail Online.

The customer insisted that if he needed to take a ""scooter ride"" she would walk in and check with the police. The former boyfriend then offered to be taken to his new place of employment.

[np_storybar title=""The seamy world of Manohar College"" link=""""]

But a male friend pointed out that the punishment for shoplifting had nothing to do with a woman's morality, but rather a matter of showing her gratitude.

The accused was stunned to learn that instead of receiving the punishment for the shoplifting, the former boyfriend would be fined for the time he had"
5,Narrative,She opened the door slowly and saw something she never expected:,top_p,22.0,"[257, 2415, 287, 607, 2026, 82, 290, 788, 1542, 82, 13, 1375, 373, 12049, 287, 2042, 8242, 13, 1375, 3114, 379, 262, 582, 508, 550, 587, 287, 262, 2685, 13, 198, 198, 1, 5812, 616, 1793, 0, 632, 338, 616, 5156, 2933, 11, 2576, 13, 2011, 5156, 11, 2576, 11, 2576, 2474, 198, 198, 1, 5812, 616, 1793, 11, 616, 5156, 526, 198, 198, 1, 22017, 2474, 337, 453, 20821, 13, 1375, 3114, 379, 262, 582, 379, 262, 3084, 290, 484, 13818, 13, 198, 198, 1, 1135, 1183, 905, 345, 644, 4325, 618, 612, 338, 2130, 351, 6541, 287, 262, 2156, 553, 673, 531, 13, 198, 198, 5189, 1781, 612, 373, 13, 383, 582, 550, 262, 2485, 287, 465, 1021, 13, 843, 262, 2415, 508, 550, 4978, 683, 2714, 683, 11, 355, 750, 465, 2802, 13, 366, 1135, 1183, 905, 345, 644, 4325, 618, 262, 661, 508, 821, 5137, 883, 1243, 287, 423, 645, 3572, 475, 284, 1494, 514, 526, 198, 198, 1537, 612, 373, 517, 13, 1119, 2540, 25847, 13, 1629, 326, 2589, 11, 262, 582, 8556, 11, 366, 3987, 470, 1560, 2687, 526, 314, 869, 262, 869, 503, 13, 632, 373, 1466, 338, 717, 3891, 11, 290, 262]"," a woman in her 50s and then 30s. She was dressed in black clothes. She looked at the man who had been in the cell.

""Oh my God! It's my baby boy, girl. My baby, girl, girl!""

""Oh my God, my baby.""

""Wow!"" Mally snapped. She looked at the man at the table and they laughed.

""We'll show you what happens when there's someone with guns in the house,"" she said.

Of course there was. The man had the gun in his hand. And the woman who had caught him held him, as did his mother. ""We'll show you what happens when the people who're putting those things in have no choice but to kill us.""

But there was more. They began kissing. At that moment, the man threatened, ""Don't tell anyone."" I call the call out. It was women's first names, and the"
5,Narrative,She opened the door slowly and saw something she never expected:,top_p,33.0,"[734, 9812, 8893, 24167, 1028, 262, 1353, 286, 262, 34902, 13, 317, 1178, 3625, 1497, 11, 612, 373, 257, 18002, 3756, 284, 257, 1588, 1402, 3800, 290, 4058, 286, 607, 373, 281, 4457, 1588, 15207, 286, 257, 1048, 13, 632, 3114, 845, 881, 588, 607, 2802, 13, 1675, 262, 1364, 11, 257, 582, 5055, 7331, 11, 5762, 257, 4171, 11, 1029, 12, 10247, 6347, 10147, 13, 2399, 2951, 6150, 4838, 284, 262, 3355, 13, 15616, 736, 11, 339, 3114, 355, 996, 339, 550, 645, 2126, 286, 644, 465, 2802, 373, 3612, 11, 1566, 339, 373, 1965, 644, 673, 2227, 11, 351, 607, 1844, 3092, 286, 24841, 13, 1649, 339, 2540, 11, 673, 7819, 503, 607, 11880, 290, 3066, 284, 1986, 262, 2119, 810, 484, 550, 8073, 13, 198, 198, 2061, 3022, 1306, 2900, 503, 284, 307, 257, 2138, 28297, 5517, 287, 3597, 13, 198, 198, 3347, 925, 257, 9178, 3785, 503, 286, 257, 16599, 338, 6576, 13, 632, 14516, 607, 286, 607, 2739, 2802, 11, 393, 2138, 11, 286, 257, 15100, 33323, 351, 257, 47565, 12, 25717, 6576, 13, 383, 976, 1611, 286, 6576, 351, 257, 47565, 12, 25717, 23967, 373, 319, 262, 19127, 287, 262, 2166, 2119, 13, 383]"," two enormous tables stacked against the top of the sofa. A few feet away, there was a ladder leading to a large small stage and ahead of her was an extremely large statue of a person. It looked very much like her mother. To the left, a man standing tall, wearing a blue, high-waisted shirt. His eyes remained closed to the wall. Looking back, he looked as though he had no idea of what his mother was thinking, until he was asked what she wanted, with her complete lack of maturity. When he began, she stuck out her tongue and decided to face the room where they had dinner.

What happened next turned out to be a rather amusing exercise in writing.

She made a blank figure out of a queen's dress. It reminded her of her late mother, or rather, of a royal gown with a peach-colored dress. The same kind of dress with a peach-colored skirt was on the rack in the front room. The"
6,Narrative,The two travelers had been walking for hours when suddenly,greedy,,"[11, 484, 2497, 257, 582, 287, 257, 2330, 10147, 290, 22078, 13, 679, 373, 5762, 257, 2042, 14263, 276, 39387, 49756, 290, 257, 2042, 14263, 276, 39387, 49756, 351, 257, 2042, 14263, 276, 39387, 49756, 319, 465, 1182, 13, 198, 198, 1, 40, 373, 655, 11472, 553, 531, 262, 582, 11, 508, 1965, 407, 284, 307, 5174, 13, 366, 40, 373, 655, 11472, 13, 314, 373, 655, 11472, 13, 314, 373, 655, 11472, 526, 198, 198, 464, 582, 11, 508, 373, 407, 5174, 11, 531, 339, 373, 6155, 284, 465, 1097, 618, 339, 2497, 262, 582, 13, 198, 198, 1, 40, 373, 655, 11472, 553, 339, 531, 13, 366, 40, 373, 655, 11472, 13, 314, 373, 655, 11472, 526, 198, 198, 464, 582, 531, 339, 373, 5059, 284, 465, 1363, 287, 262, 1989, 286, 262, 16246, 286, 2688, 290, 2688, 3530, 618, 339, 2497, 262, 582, 13, 198, 198, 1, 40, 373, 655, 11472, 553, 339, 531, 13, 366, 40, 373, 655, 11472, 526, 198, 198, 464, 582, 531, 339, 373, 5059, 284, 465, 1363, 287, 262, 1989, 286, 262, 16246, 286, 2688, 290, 2688, 3530, 618, 339, 2497, 262, 582, 13, 198, 198, 1, 40, 373, 655, 11472, 553]",", they saw a man in a white shirt and shorts. He was wearing a black hooded sweatshirt and a black hooded sweatshirt with a black hooded sweatshirt on his head.

""I was just shocked,"" said the man, who asked not to be identified. ""I was just shocked. I was just shocked. I was just shocked.""

The man, who was not identified, said he was walking to his car when he saw the man.

""I was just shocked,"" he said. ""I was just shocked. I was just shocked.""

The man said he was driving to his home in the area of the intersection of West and West Street when he saw the man.

""I was just shocked,"" he said. ""I was just shocked.""

The man said he was driving to his home in the area of the intersection of West and West Street when he saw the man.

""I was just shocked,"""
6,Narrative,The two travelers had been walking for hours when suddenly,top_p,11.0,"[257, 636, 286, 511, 6504, 373, 2266, 13, 198, 198, 464, 1862, 582, 6810, 326, 262, 734, 550, 36036, 11, 37829, 284, 290, 8400, 1474, 262, 7786, 7815, 7714, 286, 262, 705, 48615, 327, 1032, 1820, 6, 784, 5140, 1626, 13, 11136, 48818, 1328, 326, 339, 373, 422, 262, 2656, 569, 1153, 46470, 1989, 11, 262, 1862, 582, 13999, 284, 262, 4038, 11, 981, 465, 27146, 11835, 2627, 40671, 290, 40671, 284, 262, 7850, 13, 198, 198, 464, 6439, 508, 373, 9105, 13970, 683, 6451, 2982, 422, 1626, 465, 1021, 11, 366, 1026, 338, 7477, 11, 314, 1183, 651, 503, 526, 198, 198, 464, 1862, 582, 750, 407, 1833, 465, 649, 21334, 13, 1114, 257, 2589, 11, 339, 1807, 339, 550, 655, 1775, 257, 1256, 286, 5385, 6698, 11, 475, 262, 1807, 5901, 683, 13, 198, 198, 7398, 198, 198, 8421, 890, 262, 7850, 17609, 6364, 1088, 262, 705, 48615, 327, 1032, 1820, 6, 373, 15795, 757, 351, 257, 36418, 286, 2128, 13, 198, 198, 2202, 1111, 5389, 286, 262, 7850, 11, 1811, 15190, 547, 10015, 11108, 11, 290, 981, 867, 49765, 290, 304, 1424, 547, 43080, 262, 7850, 11, 257, 2060, 2330, 2613, 286, 1657, 6451, 11173, 6071, 13]"," a part of their sight was red.

The young man noticed that the two had wandered, stumbling to and fro near the sharp stone walls of the 'Saint Cathermy' – located within. Having ascertained that he was from the original Vientiane area, the young man rushed to the vehicle, while his footsteps gradually became nearer and nearer to the river.

The unknown who was lying beside him suddenly heard from within his hand, ""It's OK, I'll get out.""

The young man did not understand his new surroundings. For a moment, he thought he had just seen a lot of familiar faces, but the thought filled him.

……

Before long the river flowing slowly around the 'Saint Cathermy' was rushing again with a flurry of sound.

On both sides of the river, several streams were bubbling, and while many fishes and eels were circling the river, a single white ball of light suddenly burst forth."
6,Narrative,The two travelers had been walking for hours when suddenly,top_p,22.0,"[1770, 13, 402, 2065, 741, 1392, 6568, 546, 262, 1029, 12, 13670, 3033, 13, 366, 10814, 11, 23748, 11, 6542, 553, 262, 582, 531, 11, 10609, 284, 262, 26915, 13, 366, 1026, 338, 1016, 284, 1309, 345, 1502, 8237, 287, 24527, 526, 198, 198, 1, 3844, 340, 338, 640, 329, 617, 4771, 8566, 526, 198, 198, 464, 734, 19952, 262, 20932, 284, 262, 2119, 13, 1770, 13, 402, 2065, 741, 3111, 379, 24527, 13, 632, 373, 379, 838, 267, 6, 15750, 287, 262, 6672, 319, 4280, 13, 1511, 11, 4793, 11, 326, 1770, 13, 402, 2065, 741, 717, 2227, 284, 1716, 257, 10099, 13, 2735, 339, 373, 8179, 319, 257, 4512, 284, 281, 9003, 9003, 13, 1770, 13, 402, 2065, 741, 27947, 546, 5033, 257, 10099, 13, 679, 1908, 465, 17981, 284, 5398, 4773, 11, 5149, 606, 326, 339, 373, 1762, 287, 4486, 355, 281, 5096, 31791, 13, 679, 561, 407, 423, 587, 1498, 284, 651, 257, 670, 14552, 1566, 2795, 1160, 11, 5075, 13, 679, 373, 1464, 530, 2239, 4058, 286, 465, 890, 14987, 13, 887, 339, 2582, 6939, 326, 339, 373, 1165, 38003, 13, 198, 198, 2953, 1511, 1933, 1468, 11, 1770, 13, 402, 2065, 741, 373, 8686]"," Mr. Ghodsel got excited about the high-tech features. ""Hey, hello, Steve,"" the man said, pointing to the iPod. ""It's going to let you order wine in Starbucks.""

""Now it's time for some ice cream.""

The two climbed the elevator to the room. Mr. Ghodsel worked at Starbucks. It was at 10 o'clock in the afternoon on Dec. 13, 2006, that Mr. Ghodsel first wanted to become a journalist. Now he was busy on a train to an airport airport. Mr. Ghodsel dreamed about becoming a journalist. He sent his passport to Canadian authorities, telling them that he was working in Germany as an insurance trader. He would not have been able to get a work visa until June 20, 2005. He was always one step ahead of his long rivals. But he soon realized that he was too inexperienced.

At 13 months old, Mr. Ghodsel was assigned"
6,Narrative,The two travelers had been walking for hours when suddenly,top_p,33.0,"[734, 9812, 3881, 2832, 43908, 503, 286, 262, 1633, 355, 611, 4441, 257, 25319, 11278, 11, 588, 257, 2700, 7205, 503, 286, 11887, 13, 383, 30284, 290, 1341, 1967, 278, 27598, 40442, 3236, 1582, 29304, 23110, 379, 257, 11975, 16874, 286, 546, 3624, 4608, 357, 1065, 18212, 8, 290, 2957, 257, 4984, 278, 15770, 656, 262, 736, 286, 262, 734, 23325, 11, 35233, 606, 866, 4291, 511, 12983, 13, 198, 198, 11122, 541, 3653, 12, 2339, 23171, 423, 635, 587, 5924, 379, 584, 4671, 2950, 287, 2972, 2663, 286, 2318, 1647, 11, 1216, 14744, 3761, 2628, 290, 5858, 12, 69, 9532, 13, 1649, 257, 1688, 5701, 5778, 8833, 11, 262, 4671, 2046, 511, 11756, 2568, 29895, 422, 262, 976, 2723, 355, 262, 2700, 27307, 11, 24949, 1123, 584, 351, 262, 2700, 286, 257, 8904, 5721, 286, 3881, 13, 383, 2700, 973, 284, 1104, 326, 7582, 11, 4497, 329, 24949, 6611, 4739, 326, 3151, 3598, 18212, 11, 318, 1690, 4274, 326, 286, 262, 2656, 11975, 379, 262, 5103, 2524, 357, 42672, 1045, 6762, 84, 2069, 11, 47221, 25, 2619, 3764, 20171, 11, 12863, 11, 279, 13, 22986, 737, 198, 198, 7416, 25, 4960, 45411, 3000, 11, 4960, 45411, 3000, 11, 1737]"," two enormous rock hands sprang out of the air as if creating a spontaneous explosion, like a force acting out of physics. The icy and skittering energies ignited huge parabolic knives at a blast radius of about eight miles (12 kilometers) and led a battering ram into the back of the two travelers, smashing them down onto their backs.

Slipmen-like explosions have also been experienced at other parties involved in various cases of barony, fraternal defense groups and ring-fencing. When a major sports accident occurs, the parties fire their respective energy blasts from the same source as the force expelled, crushing each other with the force of a substantial column of rock. The force used to support that shell, responsible for crushing blowups that reach seven kilometers, is often double that of the original blast at the construction site (Megata Okuoto, Okinawa: Black Fire Industries, 1985, p. 146).

Source: Japanese Maritime News, Japanese Maritime News, May"
7,Narrative,It was a cold winter night when the stranger knocked on the door and,greedy,,"[531, 11, 366, 40, 1101, 994, 284, 766, 345, 526, 198, 198, 1, 40, 1101, 994, 284, 766, 345, 553, 262, 16195, 531, 13, 198, 198, 1, 40, 1101, 994, 284, 766, 345, 553, 262, 16195, 531, 13, 198, 198, 1, 40, 1101, 994, 284, 766, 345, 553, 262, 16195, 531, 13, 198, 198, 1, 40, 1101, 994, 284, 766, 345, 553, 262, 16195, 531, 13, 198, 198, 1, 40, 1101, 994, 284, 766, 345, 553, 262, 16195, 531, 13, 198, 198, 1, 40, 1101, 994, 284, 766, 345, 553, 262, 16195, 531, 13, 198, 198, 1, 40, 1101, 994, 284, 766, 345, 553, 262, 16195, 531, 13, 198, 198, 1, 40, 1101, 994, 284, 766, 345, 553, 262, 16195, 531, 13, 198, 198, 1, 40, 1101, 994, 284, 766, 345, 553, 262, 16195, 531, 13, 198, 198, 1, 40, 1101, 994, 284, 766, 345, 553, 262, 16195, 531, 13, 198, 198, 1, 40, 1101, 994, 284, 766, 345, 553, 262, 16195, 531, 13, 198, 198, 1, 40, 1101, 994, 284, 766, 345, 553, 262, 16195, 531, 13, 198, 198, 1, 40, 1101, 994, 284, 766, 345, 553, 262, 16195, 531, 13, 198, 198, 1, 40, 1101, 994, 284, 766]"," said, ""I'm here to see you.""

""I'm here to see you,"" the stranger said.

""I'm here to see you,"" the stranger said.

""I'm here to see you,"" the stranger said.

""I'm here to see you,"" the stranger said.

""I'm here to see you,"" the stranger said.

""I'm here to see you,"" the stranger said.

""I'm here to see you,"" the stranger said.

""I'm here to see you,"" the stranger said.

""I'm here to see you,"" the stranger said.

""I'm here to see you,"" the stranger said.

""I'm here to see you,"" the stranger said.

""I'm here to see you,"" the stranger said.

""I'm here to see you,"" the stranger said.

""I'm here to see"
7,Narrative,It was a cold winter night when the stranger knocked on the door and,top_p,11.0,"[6235, 284, 257, 27656, 326, 2957, 284, 262, 2877, 2119, 13, 198, 198, 464, 1306, 1517, 339, 2993, 11, 465, 2951, 547, 4838, 13, 198, 198, 1, 44, 1689, 526, 198, 198, 464, 2576, 373, 262, 530, 508, 550, 6292, 13, 198, 198, 3886, 262, 886, 286, 262, 1790, 6827, 11, 314, 550, 4499, 284, 8212, 11, 1309, 503, 257, 1402, 3960, 11, 290, 698, 7474, 13, 198, 198, 464, 26820, 3809, 422, 262, 5228, 286, 616, 4151, 1625, 625, 13, 366, 39, 12875, 2474, 198, 198, 40, 3114, 510, 11, 6655, 13, 198, 198, 2504, 3809, 373, 4814, 13, 198, 198, 28211, 373, 13, 198, 198, 1212, 373, 616, 649, 26301, 13, 198, 198, 40, 373, 734, 812, 1468, 618, 314, 373, 33632, 287, 262, 5366, 21040, 286, 968, 1971, 2254, 11, 6155, 262, 6483, 629, 12618, 18117, 284, 257, 14720, 900, 286, 20345, 13, 198, 198, 40, 373, 1057, 625, 416, 257, 7779, 290, 25421, 351, 29894, 618, 314, 2497, 616, 14142, 4004, 6621, 11, 17722, 1437, 13, 198, 198, 464, 7779, 373, 1642, 284, 651, 1497, 13, 314, 3521, 470, 1302, 616, 835, 503, 13, 198, 198, 1, 10814, 11, 11254, 1820, 13, 314, 1053, 691, 587]"," pointed to a staircase that led to the living room.

The next thing he knew, his eyes were closed.

""Mama.""

The girl was the one who had accepted.

By the end of the short sentence, I had learned to smile, let out a small cry, and blushed.

The kindly voice from the corner of my eye came over. ""Humph!""

I looked up, surprised.

That voice was missing.

Someone was.

This was my new nephew.

I was two years old when I was bullied in the south suburbs of New York City, walking the streets scrupulously to a hungry set of twins.

I was run over by a truck and screamed with disbelief when I saw my beloved favorite sister, Mikina.

The truck was making to get away. I couldn't stand my way out.

""Hey, Mommy. I've only been"
7,Narrative,It was a cold winter night when the stranger knocked on the door and,top_p,22.0,"[2497, 262, 4947, 286, 21641, 673, 373, 546, 284, 2822, 13, 198, 198, 464, 2347, 286, 8242, 262, 582, 3114, 379, 550, 23717, 422, 465, 1570, 13, 679, 550, 27961, 257, 2769, 13589, 290, 257, 1402, 11699, 319, 465, 1364, 12505, 355, 262, 2576, 1718, 287, 262, 10154, 13, 679, 1718, 257, 1178, 279, 29503, 286, 1660, 290, 19952, 510, 284, 7766, 257, 2119, 16566, 351, 21641, 13, 4042, 286, 262, 1364, 4898, 373, 3750, 13, 198, 198, 2953, 617, 966, 262, 16195, 1718, 503, 257, 337, 13, 51, 13, 33009, 13, 366, 40, 1101, 510, 994, 329, 281, 337, 13, 51, 44388, 339, 531, 13, 366, 5189, 1781, 345, 481, 13, 775, 481, 905, 345, 13, 770, 318, 616, 277, 12137, 11, 5658, 520, 8770, 1122, 526, 198, 198, 1544, 3114, 379, 465, 2802, 351, 1233, 4594, 329, 644, 339, 531, 13, 366, 1026, 318, 3306, 345, 1208, 832, 994, 13, 632, 318, 2407, 3288, 284, 423, 617, 28527, 338, 13620, 11, 28527, 338, 19527, 70, 654, 290, 28527, 338, 7777, 13, 632, 1276, 307, 845, 7773, 9456, 553, 339, 531, 287, 281, 21696, 8216, 13, 366, 1135, 423, 674, 898, 3594, 7777, 810, 612, 389, 18176, 3042, 81]"," saw the collection of paintings she was about to buy.

The mass of clothes the man looked at had vanished from his view. He had swallowed a deep throat and a small wound on his left temple as the girl took in the contents. He took a few pints of water and climbed up to reveal a room lined with paintings. Most of the left wood was gone.

At some point the stranger took out a M.T. cane. ""I'm up here for an M.T.,"" he said. ""Of course you will. We will show you. This is my fencer, Thomas Staverton.""

He looked at his mother with distaste for what he said. ""It is necessary you pass through here. It is quite natural to have some gentlemen's quarters, gentlemen's lodgings and gentlemen's houses. It must be very carefully maintained,"" he said in an idle tone. ""We have our own English houses where there are concealed latr"
7,Narrative,It was a cold winter night when the stranger knocked on the door and,top_p,33.0,"[314, 714, 766, 607, 8212, 13, 1375, 373, 5494, 1740, 625, 257, 6891, 3084, 11, 16143, 503, 656, 262, 3223, 11, 13777, 11, 38193, 503, 286, 262, 44346, 13, 198, 198, 1, 22210, 338, 4769, 514, 736, 1, 198, 198, 1, 11122, 615, 291, 1176, 2474, 198, 198, 1, 22210, 2277, 262, 22878, 1, 198, 198, 43, 8107, 6810, 11, 47161, 9124, 866, 607, 6891, 13, 632, 373, 12361, 1705, 284, 1064, 503, 673, 550, 587, 33437, 32621, 510, 351, 616, 13201, 13, 198, 198, 1026, 550, 587, 3598, 1528, 878, 314, 550, 4499, 326, 314, 714, 1210, 606, 656, 257, 10000, 2342, 0, 317, 14032, 7365, 11, 257, 11398, 474, 671, 42893, 11, 257, 3348, 26241, 16162, 11, 257, 2612, 13042, 11, 290, 257, 8465, 473, 381, 10695, 38987, 13, 383, 42893, 3589, 11, 783, 257, 17910, 27923, 16927, 276, 31322, 357, 4758, 286, 1781, 714, 307, 4721, 290, 2077, 284, 3151, 616, 4601, 11, 314, 716, 14516, 737, 314, 714, 772, 2834, 257, 40070, 5103, 670, 286, 257, 13559, 1868, 351, 257, 2060, 2366, 15050, 1022, 262, 734, 11, 4769, 262, 42893, 287, 616, 1021, 290, 422, 543, 314, 373, 262, 691, 387, 14570, 11778, 13, 317, 2342]"," I could see her smile. She was hunched over a coffee table, staring out into the dark, singing, drifting out of the bookstore.

""Something's holding us back""

""Slavic power!""

""Something hit the envelope""

Lena noticed, gulped down her coffee. It was horrible news to find out she had been horribly messed up with my gifts.

It had been seven days before I had learned that I could turn them into a pocket watch! A purple bat, a pink jade bracelet, a paper tiger tooth, a heart strings, and a silver sapphire necklace. The bracelet myself, now a hexagonal jeweled dagger (which of course could be opened and taken to reach my wish, I am reminded). I could even pull a mirrored construction work of a polaroid with a single foot cord between the two, holding the bracelet in my hand and from which I was the only hapless slave. A watch"
8,Science,Researchers at the university discovered a new method for,greedy,,"[31521, 262, 4931, 286, 257, 5931, 1444, 288, 12190, 259, 287, 262, 2910, 286, 10693, 13, 198, 198, 464, 4837, 1043, 326, 262, 4931, 286, 288, 12190, 259, 287, 262, 2910, 286, 10693, 373, 3917, 351, 257, 2440, 2526, 286, 5922, 4890, 13, 198, 198, 1, 1212, 318, 262, 717, 640, 356, 423, 1043, 257, 9030, 326, 460, 307, 973, 284, 4331, 262, 4931, 286, 288, 12190, 259, 287, 262, 2910, 286, 10693, 553, 531, 1085, 1772, 1583, 13, 3271, 367, 13, 367, 47108, 11, 257, 6240, 286, 9007, 379, 262, 2059, 286, 3442, 11, 2986, 6033, 13, 198, 198, 464, 2050, 373, 3199, 287, 262, 3989, 10362, 14620, 13, 198, 198, 464, 4837, 973, 257, 8173, 1444, 366, 67, 747, 41003, 286, 262, 2910, 351, 262, 1767, 1, 284, 4886, 262, 4931, 286, 288, 12190, 259, 287, 262, 2910, 286, 10693, 13, 198, 198, 464, 4837, 1043, 326, 262, 4931, 286, 288, 12190, 259, 287, 262, 2910, 286, 10693, 373, 3917, 351, 257, 2440, 2526, 286, 5922, 4890, 13, 198, 198, 1, 1212, 318, 262, 717, 640, 356, 423, 1043, 257, 9030, 326, 460, 307, 973, 284, 4331, 262, 4931, 286, 288, 12190, 259, 287, 262, 2910, 286, 10693]"," detecting the presence of a chemical called dioxin in the blood of mice.

The researchers found that the presence of dioxin in the blood of mice was associated with a higher risk of developing cancer.

""This is the first time we have found a mechanism that can be used to predict the presence of dioxin in the blood of mice,"" said lead author Dr. David H. Hirsch, a professor of medicine at the University of California, San Francisco.

The study was published in the journal Nature Communications.

The researchers used a technique called ""dissociation of the blood with the body"" to detect the presence of dioxin in the blood of mice.

The researchers found that the presence of dioxin in the blood of mice was associated with a higher risk of developing cancer.

""This is the first time we have found a mechanism that can be used to predict the presence of dioxin in the blood of mice"
8,Science,Researchers at the university discovered a new method for,top_p,11.0,"[15964, 636, 286, 262, 3632, 326, 3544, 655, 1440, 4047, 8564, 15736, 284, 3758, 10425, 866, 284, 262, 1767, 11, 21294, 340, 284, 1029, 6867, 286, 11881, 422, 257, 1692, 852, 13, 383, 6373, 481, 1656, 287, 262, 3989, 10362, 13, 198, 198, 3886, 1262, 39780, 2641, 262, 3632, 284, 2050, 663, 2163, 287, 262, 31514, 11, 10693, 547, 1498, 284, 29016, 257, 1402, 698, 541, 287, 262, 3632, 338, 25019, 290, 2193, 262, 2858, 287, 543, 511, 1767, 373, 3170, 13, 770, 39119, 20022, 262, 3632, 338, 32700, 49918, 11, 543, 5419, 262, 3632, 3151, 656, 262, 31076, 6, 2910, 5127, 11, 788, 460, 21937, 10425, 284, 262, 584, 3354, 286, 262, 1767, 13, 198, 198, 58, 37659, 62, 13571, 5657, 3670, 2625, 464, 705, 86, 4509, 12, 45190, 43835, 6, 714, 307, 262, 749, 7187, 2723, 329, 20195, 656, 644, 340, 318, 588, 284, 2107, 287, 262, 31514, 1, 2792, 2625, 5450, 1378, 22680, 13, 46921, 7353, 13, 785, 14, 5304, 14, 3070, 14, 3023, 14, 1169, 12, 86, 4509, 12, 45190, 12, 64, 292, 813, 12, 79, 676, 12, 10734, 12, 79, 328, 12, 272, 24335, 12, 18608, 2096, 12, 17197, 12, 37443, 12, 43592, 14, 2430]"," measuring part of the brain that uses just four highly sensitive sensors to send signals down to the body, exposing it to high amounts of radiation from a human being. The findings will appear in the journal Nature.

By using electrodes inside the brain to study its function in the womb, mice were able to implant a small blip in the brain's membrane and learn the environment in which their body was built. This selectively triggers the brain's anterior lobe, which helps the brain reach into the fetus' blood supply, then can transmit signals to the other parts of the body.

[np_storybar title=""The 'willing-bodied ape' could be the most accurate source for clues into what it is like to live in the womb"" link=""https://business.financialpost.com/2016/03/04/the-willing-bodied-aasily-pink-human-pig-anomaly-supports-children-future-biology/"","""
8,Science,Researchers at the university discovered a new method for,top_p,22.0,"[2186, 12364, 14821, 2568, 4351, 1022, 262, 734, 329, 1029, 12, 22554, 44378, 13, 366, 4711, 44378, 743, 423, 9695, 326, 1577, 4485, 284, 1029, 14821, 29509, 871, 290, 27598, 286, 15874, 14568, 553, 262, 4837, 2630, 13, 366, 4711, 9695, 389, 1900, 284, 307, 1884, 284, 711, 257, 2597, 287, 1657, 45765, 526, 198, 198, 464, 2267, 11, 3199, 287, 262, 3989, 16331, 6602, 24501, 11, 373, 2957, 416, 13863, 12, 3106, 763, 12, 15410, 659, 11751, 11, 347, 8548, 282, 28146, 521, 2596, 776, 337, 13, 318, 18552, 351, 13863, 2059, 27684, 23123, 18643, 13, 198, 198, 818, 262, 649, 2446, 11, 4837, 15475, 627, 292, 945, 326, 27588, 37783, 286, 1657, 691, 379, 1728, 19998, 13, 13403, 319, 511, 27785, 11, 484, 43714, 326, 777, 627, 292, 945, 714, 307, 4497, 329, 1642, 1029, 12, 22554, 44378, 670, 287, 32969, 11, 1201, 484, 547, 5365, 4939, 13, 198, 198, 1, 32, 24870, 11, 2060, 48190, 318, 257, 4939, 4941, 11, 3756, 284, 703, 8744, 7560, 416, 530, 627, 42391, 460, 307, 900, 287, 6268, 329, 2972, 627, 292, 945, 287, 257, 900, 286, 845, 1402, 6867, 286, 2272, 553, 15841, 707, 7246, 11, 262, 13863, 987, 40625]"," replicating quantum energy transfer between the two for high-energy photons. ""These photons may have characteristics that give rise to high quantum densities and energies of varying masses,"" the researchers wrote. ""These characteristics are known to be likely to play a role in light scattering.""

The research, published in the journal Physical Review Letters, was led by Stanford-based co-discoverer, Bhopal Ravindranath M. is affiliated with Stanford University Applied Physics Laboratory.

In the new method, researchers analyzed quasars that emit pulses of light only at certain frequencies. Based on their simulations, they hypothesized that these quasars could be responsible for making high-energy photons work in tandem, since they were relatively weak.

""A coherent, single photon is a weak reference, leading to how electricity generated by one quasar can be set in motion for various quasars in a set of very small amounts of space,"" Makawati, the Stanford interdisciplinary"
8,Science,Researchers at the university discovered a new method for,top_p,33.0,"[13359, 326, 262, 1692, 10717, 2685, 925, 422, 10693, 11073, 5448, 3925, 287, 257, 845, 2176, 835, 13, 383, 4837, 973, 10717, 4778, 422, 10693, 290, 788, 34262, 2910, 422, 326, 2910, 11, 4441, 10717, 4778, 326, 547, 5906, 284, 1682, 4656, 13, 198, 198, 1, 1026, 338, 262, 749, 4047, 47543, 27756, 356, 1053, 1683, 4635, 553, 1139, 911, 34659, 11, 366, 19419, 1683, 852, 1498, 284, 2251, 257, 1692, 1692, 10717, 2685, 526, 198, 198, 3237, 326, 4096, 3781, 12053, 833, 295, 21852, 6123, 23357, 12996, 284, 1234, 262, 1628, 319, 1745, 355, 339, 1234, 281, 886, 284, 257, 2267, 1628, 326, 373, 1752, 28275, 355, 257, 3338, 11, 4050, 290, 10935, 835, 284, 787, 10717, 2685, 8136, 13, 12996, 373, 1871, 262, 1074, 326, 7675, 4166, 262, 1080, 11, 543, 373, 4191, 2702, 355, 257, 2446, 329, 1642, 257, 18512, 10717, 2685, 1444, 34963, 6086, 13, 198, 198, 1, 14698, 1257, 1231, 852, 7960, 546, 1972, 845, 6639, 553, 12996, 1139, 286, 6079, 428, 670, 284, 41675, 13, 198, 198, 29011, 11, 326, 318, 257, 19304, 13293, 11, 290, 2138, 621, 6871, 262, 19556, 290, 2984, 13190, 1429, 286, 262, 717, 387, 368, 404, 78, 1155, 291]"," ensuring that the human stem cell made from mice produces healthy individuals in a very specific way. The researchers used stem cells from mice and then harvested blood from that blood, creating stem cells that were unable to actually die.

""It's the most highly differentiated molecule we've ever produced,"" says Shafer, ""without ever being able to create a human human stem cell.""

All that basic analysis prompted Trion Technologies CEO Brent Nelson to put the project on hold as he put an end to a research project that was once touted as a safe, effective and affordable way to make stem cell solutions. Nelson was among the team that successfully developed the system, which was eventually sold as a method for making a synthetic stem cell called melanoma.

""Having fun without being worried about getting very sick,"" Nelson says of bringing this work to fruition.

Nevertheless, that is a breakthrough achievement, and rather than abandon the flawed and misnamed process of the first haemopoietic"
9,Science,"The experiment showed that when the temperature increased,",greedy,,"[262, 4778, 547, 1498, 284, 4439, 517, 286, 262, 7532, 11, 543, 373, 788, 11513, 284, 15701, 13, 198, 198, 1, 1212, 318, 257, 845, 11781, 4917, 553, 531, 1583, 13, 3271, 311, 13, 509, 5117, 11, 257, 6240, 286, 9007, 379, 262, 2059, 286, 3442, 11, 2986, 6033, 13, 366, 1026, 338, 257, 845, 11781, 4917, 326, 356, 460, 779, 284, 1205, 649, 5010, 326, 2496, 262, 976, 2099, 286, 4778, 526, 198, 198, 464, 4837, 635, 1043, 326, 262, 4778, 326, 4635, 262, 7532, 547, 1498, 284, 4439, 517, 286, 262, 7532, 11, 543, 373, 788, 11513, 284, 15701, 13, 198, 198, 1, 1212, 318, 257, 845, 11781, 4917, 553, 531, 1583, 13, 509, 5117, 11, 508, 318, 635, 257, 6240, 286, 9007, 379, 262, 2059, 286, 3442, 11, 2986, 6033, 13, 366, 1026, 338, 257, 845, 11781, 4917, 326, 356, 460, 779, 284, 1205, 649, 5010, 326, 2496, 262, 976, 2099, 286, 4778, 526, 198, 198, 464, 4837, 635, 1043, 326, 262, 4778, 326, 4635, 262, 7532, 547, 1498, 284, 4439, 517, 286, 262, 7532, 11, 543, 373, 788, 11513, 284, 15701, 13, 198, 198, 1, 1212, 318, 257, 845, 11781, 4917, 553, 531, 1583, 13, 509]"," the cells were able to produce more of the protein, which was then converted to glucose.

""This is a very promising finding,"" said Dr. David S. Karp, a professor of medicine at the University of California, San Francisco. ""It's a very promising finding that we can use to develop new drugs that target the same type of cells.""

The researchers also found that the cells that produced the protein were able to produce more of the protein, which was then converted to glucose.

""This is a very promising finding,"" said Dr. Karp, who is also a professor of medicine at the University of California, San Francisco. ""It's a very promising finding that we can use to develop new drugs that target the same type of cells.""

The researchers also found that the cells that produced the protein were able to produce more of the protein, which was then converted to glucose.

""This is a very promising finding,"" said Dr. K"
9,Science,"The experiment showed that when the temperature increased,",top_p,11.0,"[19700, 4839, 422, 262, 11384, 3220, 290, 547, 11791, 416, 262, 22459, 286, 19700, 35340, 416, 262, 220, 1924, 26110, 948, 4879, 290, 45452, 13, 198, 198, 464, 25033, 13871, 547, 5281, 503, 287, 5193, 13830, 11661, 11, 9722, 1679, 284, 4317, 13, 383, 13871, 547, 5281, 503, 287, 1440, 1862, 661, 13, 383, 25033, 5260, 547, 5281, 503, 287, 3624, 6490, 11, 9722, 5996, 284, 7863, 11, 508, 547, 6337, 290, 5598, 812, 286, 2479, 11, 8148, 13, 198, 198, 1026, 373, 3402, 326, 3649, 28205, 10337, 379, 2440, 2974, 286, 19700, 35340, 290, 22236, 8724, 287, 262, 22459, 286, 19700, 24774, 416, 616, 1659, 2889, 4487, 290, 584, 19700, 4645, 19008, 287, 262, 25514, 21379, 13, 50256]"," calcium transport from the stomach increased and were accompanied by the preservation of calcium uptake by the erythrocytes and collagen.

The physiological measurements were carried out in nine elderly volunteers, aged 25 to 70. The measurements were carried out in four young people. The physiological measures were carried out in eight adults, aged 55 to 59, who were 46 and 64 years of age, respectively.

It was shown that increasing carbohydrate intake at higher levels of calcium uptake and extraction resulted in the preservation of calcium absorption by myofibrils and other calcium structure modifications in the peripheral tissues."
9,Science,"The experiment showed that when the temperature increased,",top_p,22.0,"[10693, 2035, 550, 517, 1296, 44895, 393, 1342, 1296, 44895, 13, 685, 2091, 60, 198, 198, 15419, 12, 42142, 291, 19251, 14383, 7514, 13271, 30192, 19251, 7408, 357, 4535, 7708, 8, 3842, 290, 19737, 6317, 714, 307, 25822, 706, 16871, 20584, 1660, 11, 9472, 7514, 13271, 30192, 19251, 7408, 11, 1863, 351, 27169, 12, 7718, 313, 1734, 685, 2682, 4357, 1682, 9456, 890, 12, 4354, 21969, 25908, 13, 2102, 11, 2233, 284, 640, 5400, 287, 20211, 11, 17504, 286, 1903, 7480, 1616, 18762, 1386, 714, 423, 3220, 399, 7708, 3842, 13, 685, 2327, 60, 554, 10693, 18587, 3218, 14296, 11, 484, 5924, 281, 6992, 286, 37736, 5503, 11, 884, 326, 340, 4193, 606, 4646, 511, 2568, 10337, 11, 475, 13351, 262, 2568, 10337, 422, 2116, 12, 22824, 685, 2623, 4083, 685, 2718, 60, 198, 198, 818, 6273, 11, 618, 44694, 416, 257, 1029, 12, 17359, 5496, 11, 5365, 2793, 18955, 3463, 373, 4635, 290, 373, 1043, 284, 9575, 262, 1245, 286, 1903, 7480, 1616, 7794, 290, 25174, 2645, 354, 14453, 42435, 13, 198, 198, 15522, 282, 19251, 7408, 37767, 318, 257, 1429, 287, 543, 3131, 7532, 422, 262, 5496, 12387, 7000, 14383, 290, 14383, 4890, 4778, 685, 2548, 60, 290]"," mice either had more formaldehyde or less formaldehyde. [33]

Non-alcoholic fatty liver polyunsaturated fatty acid (NAFA) activity and metabolic reaction could be suppressed after baking soda water, whereas polyunsaturated fatty acid, along with β-carotene [34], actually maintained long-term thermogenesis. However, due to time differences in metabolism, restriction of early platelet oxidases could have increased NFA activity. [35] In mice consuming regular recipes, they experienced an excess of oxidative stress, such that it helped them reduce their energy intake, but prevented the energy intake from self-feeding [36]. [37]

In contrast, when ingested by a high-fat diet, relatively lower molecular weight was produced and was found to reverse the effect of early platelet decline and acetylcholine depletion.

Basal fatty acid oxidation is a process in which extra protein from the diet partially stores liver and liver cancer cells [38] and"
9,Science,"The experiment showed that when the temperature increased,",top_p,33.0,"[262, 1767, 50239, 284, 3735, 784, 757, 1912, 319, 257, 14078, 13, 632, 3568, 326, 281, 6992, 1767, 3735, 481, 4646, 20881, 11, 10070, 20881, 11, 290, 6165, 1085, 284, 2116, 12, 31869, 287, 617, 286, 674, 4887, 13, 8989, 11, 4837, 4099, 257, 1402, 2033, 286, 428, 460, 423, 257, 29417, 1245, 319, 1919, 11, 10590, 290, 7016, 10906, 13, 198, 198, 4723, 532, 10054, 11725, 10383, 198, 198, 1212, 2050, 4394, 2252, 2370, 286, 1767, 3735, 8810, 832, 6596, 16633, 13, 383, 2050, 3751, 326, 1223, 1444, 8740, 2969, 11, 543, 6529, 355, 281, 3098, 12, 32272, 11, 49881, 20881, 287, 262, 41202, 7706, 24660, 11, 543, 468, 587, 1043, 284, 10070, 2568, 20705, 290, 2987, 5110, 2854, 13, 8740, 2969, 635, 17596, 82, 257, 14153, 1245, 319, 31659, 577, 10712, 13, 1320, 338, 257, 1688, 29340, 329, 262, 4837, 784, 326, 286, 25646, 8280, 2347, 13, 198, 198, 47, 36112, 4034, 286, 8740, 2969, 2267, 815, 307, 3767, 329, 783, 784, 257, 3989, 2708, 339, 2904, 3199, 1444, 20008, 40487, 2741, 11, 3457, 318, 257, 3155, 286, 262, 717, 6096, 286, 703, 8740, 2969, 3048, 460, 307, 19356, 276, 13, 887, 356, 743, 307, 1762, 284, 2222]"," the body reverted to fat – again based on a hypothesis. It appears that an excess body fat will reduce inflammation, decrease inflammation, and ultimately lead to self-esteem in some of our partners. Unfortunately, researchers suspect a small amount of this can have a detrimental effect on social, psychological and emotional outcomes.

Advertisement - Continue Reading Below

This study offers further evidence of body fat gains through improved nutrition. The study showed that something called CRAP, which acts as an anti-inflammatory, stimulates inflammation in the basal ganglia, which has been found to decrease energy expenditure and improve mental performance. CRAP also exerts a protective effect on adipose tissue. That's a major accomplishment for the researchers – that of restoring muscle mass.

Practical benefits of CRAP research should be continued for now – a journal article he recently published called Into Thinners, Inc is a couple of the first examples of how CRAP effects can be harnessed. But we may be working to bring"
10,Science,Scientists have long debated whether the theory of,greedy,,"[6954, 318, 2081, 13, 198, 198, 464, 4583, 286, 6954, 318, 326, 262, 6881, 318, 257, 4947, 286, 13166, 326, 389, 7558, 5609, 13, 383, 13166, 389, 1444, 366, 1990, 2122, 560, 13166, 526, 198, 198, 464, 4583, 286, 6954, 318, 326, 262, 6881, 318, 257, 4947, 286, 13166, 326, 389, 7558, 5609, 13, 383, 13166, 389, 1444, 366, 1990, 2122, 560, 13166, 526, 198, 198, 464, 4583, 286, 6954, 318, 326, 262, 6881, 318, 257, 4947, 286, 13166, 326, 389, 7558, 5609, 13, 383, 13166, 389, 1444, 366, 1990, 2122, 560, 13166, 526, 198, 198, 464, 4583, 286, 6954, 318, 326, 262, 6881, 318, 257, 4947, 286, 13166, 326, 389, 7558, 5609, 13, 383, 13166, 389, 1444, 366, 1990, 2122, 560, 13166, 526, 198, 198, 464, 4583, 286, 6954, 318, 326, 262, 6881, 318, 257, 4947, 286, 13166, 326, 389, 7558, 5609, 13, 383, 13166, 389, 1444, 366, 1990, 2122, 560, 13166, 526, 198, 198, 464, 4583, 286, 6954, 318, 326, 262, 6881, 318, 257, 4947, 286, 13166, 326, 389, 7558, 5609, 13, 383, 13166, 389, 1444, 366, 1990, 2122, 560, 13166, 526, 198, 198, 464, 4583, 286, 6954, 318, 326, 262, 6881, 318, 257, 4947, 286, 13166, 326]"," evolution is true.

The theory of evolution is that the universe is a collection of particles that are constantly changing. The particles are called ""evolutionary particles.""

The theory of evolution is that the universe is a collection of particles that are constantly changing. The particles are called ""evolutionary particles.""

The theory of evolution is that the universe is a collection of particles that are constantly changing. The particles are called ""evolutionary particles.""

The theory of evolution is that the universe is a collection of particles that are constantly changing. The particles are called ""evolutionary particles.""

The theory of evolution is that the universe is a collection of particles that are constantly changing. The particles are called ""evolutionary particles.""

The theory of evolution is that the universe is a collection of particles that are constantly changing. The particles are called ""evolutionary particles.""

The theory of evolution is that the universe is a collection of particles that"
10,Science,Scientists have long debated whether the theory of,top_p,11.0,"[1204, 9349, 618, 28761, 35824, 1204, 12572, 13, 198, 198, 464, 30362, 44835, 356, 766, 1909, 389, 1498, 284, 4439, 16976, 4778, 290, 16613, 326, 389, 9098, 284, 883, 286, 262, 705, 70, 12978, 6, 973, 287, 1204, 11, 5519, 422, 12551, 5136, 286, 19663, 27170, 357, 50, 47164, 8, 910, 13, 198, 198, 3633, 262, 4695, 326, 547, 1752, 5495, 422, 1180, 30020, 287, 262, 3668, 338, 23744, 547, 1884, 284, 307, 262, 749, 2092, 11, 852, 6439, 329, 890, 11, 1811, 649, 4693, 423, 587, 5071, 379, 2440, 2974, 13, 198, 198, 3844, 484, 1950, 326, 37565, 2915, 389, 617, 286, 262, 517, 3499, 13, 1119, 423, 8787, 351, 5510, 25368, 11, 44571, 11, 20096, 11, 16964, 25244, 1127, 290, 772, 674, 898, 384, 993, 11836, 11, 257, 2050, 2957, 416, 311, 47164, 338, 8124, 797, 7749, 1236, 290, 1074, 379, 262, 15423, 4189, 710, 2059, 287, 4881, 468, 1043, 13, 198, 198, 6, 1026, 2331, 588, 262, 366, 44, 13513, 21839, 1, 1244, 635, 307, 7867, 416, 262, 1627, 287, 262, 6372, 11, 284, 1037, 4727, 703, 37565, 2915, 12572, 11, 878, 5384, 717, 1656, 284, 262, 995, 4032, 484, 989, 287, 262, 2071, 286, 12440, 5865]"," life emerged when reptilian life evolved.

The vertebrates we see today are able to produce specialized cells and organs that are superior to those of the 'gods' used in life, scientists from Singapore Institute of Mechanical Engineers (SILA) say.

While the animals that were once introduced from different ecosystems in the Earth's oceans were likely to be the most similar, being unknown for long, several new species have been discovered at higher levels.

Now they suggest that crocodiles are some of the more interesting. They have connections with African elephants, butterflies, deer, porcupines and even our own seahorses, a study led by SILA's Carl Reinemann and team at the Sorbonne University in France has found.

'It seems like the ""Mummy Mouse"" might also be inspired by the line in the Cross, to help explain how crocodiles evolved, before humans first appear to the world,' they report in the issue of Cell Sign"
10,Science,Scientists have long debated whether the theory of,top_p,22.0,"[2684, 31223, 14821, 2568, 1276, 423, 617, 16673, 15587, 13, 12691, 4968, 428, 13, 366, 1026, 743, 307, 1744, 326, 867, 286, 262, 4534, 338, 401, 1039, 39779, 7382, 287, 262, 1903, 6881, 338, 29973, 2214, 553, 1139, 8547, 14372, 11, 281, 48782, 893, 48187, 379, 13823, 2059, 13, 1052, 4578, 329, 340, 373, 3181, 2651, 416, 48782, 893, 48187, 12181, 24454, 11, 508, 1139, 262, 29973, 2214, 318, 4073, 416, 401, 1039, 3264, 24986, 351, 584, 5920, 1088, 514, 13, 12691, 910, 340, 714, 423, 1282, 422, 3450, 13, 383, 9997, 605, 37898, 1949, 284, 5879, 262, 4583, 1231, 8868, 262, 2370, 13, 2735, 484, 1053, 6596, 319, 326, 3164, 13, 26685, 379, 281, 1605, 4152, 287, 3517, 9309, 910, 484, 423, 11557, 257, 5365, 1402, 4755, 326, 3190, 2207, 4147, 477, 2300, 11, 1642, 340, 1744, 284, 2746, 262, 4583, 13, 366, 1026, 318, 644, 345, 1607, 561, 1645, 287, 14010, 10256, 553, 1139, 17371, 3059, 13602, 16265, 11, 257, 33013, 379, 11131, 508, 373, 407, 2950, 287, 428, 2050, 13, 383, 1402, 4755, 784, 546, 352, 11, 8054, 16379, 287, 2546, 11, 3688, 284, 262, 11706, 27216, 48829, 286, 2187, 2300, 784, 373, 5611, 379, 262, 1195]"," primordial quantum energy must have some evolutionary origins. Others reject this. ""It may be possible that many of the earth's comets originate somewhere in the early universe's gravitational field,"" says Greg Baker, an astrophysicist at Rice University. An argument for it was brought forward by astrophysicist Grant Morrison, who says the gravitational field is caused by comets directly interacting with other bodies around us. Others say it could have come from nature. Theoretical physicists try to prove the theory without reducing the evidence. Now they've improved on that approach. Researchers at an American college in British Columbia say they have isolated a relatively small core that completely encodes all matter, making it possible to model the theory. ""It is what you expect would happen in laboratory experiments,"" says Gabriel Schmidfeld, a physicist at Harvard who was not involved in this study. The small core – about 1,600 grams in size, compared to the closest cubic centimeters of whole matter – was launched at the Q"
10,Science,Scientists have long debated whether the theory of,top_p,33.0,"[22577, 13669, 17289, 1692, 10717, 4778, 422, 4580, 45165, 355, 880, 13, 632, 3568, 326, 11, 981, 10717, 4778, 481, 1690, 307, 17338, 1128, 39529, 1150, 393, 34262, 416, 257, 1692, 4151, 11, 340, 318, 1682, 257, 25798, 36603, 2055, 326, 47786, 262, 9021, 973, 416, 5384, 13, 23782, 423, 890, 24594, 1771, 262, 4583, 286, 22577, 13669, 17289, 1692, 10717, 4778, 422, 4580, 45165, 355, 880, 13, 632, 3568, 326, 11, 981, 10717, 4778, 481, 1690, 307, 17338, 1128, 39529, 1150, 393, 34262, 416, 257, 1692, 4151, 11, 340, 318, 1682, 257, 25798, 36603, 2055, 326, 47786, 262, 9021, 973, 416, 5384, 13, 198, 198, 1, 7454, 345, 423, 326, 36603, 2055, 1399, 612, 318, 1239, 1016, 284, 307, 597, 2761, 810, 345, 1183, 1064, 503, 326, 356, 389, 2045, 379, 257, 1692, 553, 360, 291, 398, 11673, 13, 198, 198, 17854, 11, 981, 617, 3640, 423, 4602, 326, 14916, 286, 10900, 4778, 743, 1085, 284, 257, 23319, 11, 1854, 423, 1043, 326, 5408, 286, 734, 6300, 286, 257, 2176, 9779, 351, 1180, 3484, 3568, 284, 307, 16586, 329, 262, 4007, 286, 23319, 341, 13, 1114, 4554, 11, 4837, 11068, 262, 10812, 2950, 287, 262, 13204, 11939, 286, 2910]"," differential diagnosis protects human stem cells from microorganisms as well. It appears that, while stem cells will often be sufficiently reprogrammed or harvested by a human eye, it is actually a captive microbial community that resists the procedures used by humans. Scientists have long debated whether the theory of differential diagnosis protects human stem cells from microorganisms as well. It appears that, while stem cells will often be sufficiently reprogrammed or harvested by a human eye, it is actually a captive microbial community that resists the procedures used by humans.

""Once you have that microbial community… there is never going to be any problems where you'll find out that we are looking at a human,"" Dicrom argues.

Indeed, while some studies have revealed that activation of immune cells may lead to a transplant, others have found that expression of two versions of a specific gene with different costs appears to be optimal for the purpose of transplantation. For instance, researchers examined the genes involved in the structural completion of blood"
11,Science,A recent study published in the journal found that,greedy,,"[262, 1271, 286, 661, 508, 423, 587, 14641, 351, 22794, 3220, 416, 546, 838, 1411, 1022, 4751, 290, 3050, 13, 198, 198, 1, 1135, 760, 326, 22794, 318, 257, 2726, 5110, 8526, 11, 475, 356, 836, 470, 760, 703, 867, 661, 389, 5676, 416, 340, 553, 531, 1583, 13, 3271, 449, 13, 509, 5117, 11, 257, 31207, 379, 262, 2059, 286, 3442, 11, 2986, 6033, 13, 366, 1135, 836, 470, 760, 703, 867, 661, 389, 5676, 416, 340, 11, 475, 356, 466, 760, 326, 340, 338, 257, 845, 2726, 5110, 8526, 526, 198, 198, 464, 2050, 11, 543, 373, 10588, 416, 262, 2351, 5136, 319, 21235, 3893, 11, 373, 5952, 416, 262, 2351, 5136, 319, 11095, 24221, 290, 262, 2351, 5136, 319, 21051, 24221, 290, 21051, 1042, 13, 198, 198, 464, 2050, 373, 10588, 416, 262, 2351, 5136, 319, 11095, 24221, 290, 262, 2351, 5136, 319, 21051, 24221, 290, 21051, 1042, 13, 198, 198, 464, 2050, 373, 10588, 416, 262, 2351, 5136, 319, 11095, 24221, 290, 262, 2351, 5136, 319, 21051, 24221, 290, 21051, 1042, 13, 198, 198, 464, 2050, 373, 10588, 416, 262, 2351, 5136, 319, 11095, 24221, 290, 262, 2351, 5136, 319, 21051, 24221, 290, 21051, 1042, 13]"," the number of people who have been diagnosed with schizophrenia increased by about 10 percent between 2000 and 2010.

""We know that schizophrenia is a serious mental illness, but we don't know how many people are affected by it,"" said Dr. David J. Karp, a psychiatrist at the University of California, San Francisco. ""We don't know how many people are affected by it, but we do know that it's a very serious mental illness.""

The study, which was funded by the National Institute on Mental Health, was conducted by the National Institute on Drug Abuse and the National Institute on Alcohol Abuse and Alcoholism.

The study was funded by the National Institute on Drug Abuse and the National Institute on Alcohol Abuse and Alcoholism.

The study was funded by the National Institute on Drug Abuse and the National Institute on Alcohol Abuse and Alcoholism.

The study was funded by the National Institute on Drug Abuse and the National Institute on Alcohol Abuse and Alcoholism."
11,Science,A recent study published in the journal found that,top_p,11.0,"[546, 2063, 286, 3215, 12, 6286, 6318, 8015, 287, 16849, 547, 1862, 661, 508, 1297, 606, 484, 550, 3111, 329, 257, 1957, 4152, 13, 198, 198, 31305, 286, 883, 286, 6318, 18598, 1364, 16849, 517, 2952, 621, 883, 286, 10420, 18598, 11, 1864, 284, 27469, 371, 3609, 361, 11, 257, 13453, 379, 449, 4503, 52, 11, 262, 1499, 338, 45948, 4086, 13, 1320, 1724, 867, 286, 606, 550, 2077, 1524, 13229, 393, 3111, 832, 13472, 6642, 11, 852, 15901, 416, 281, 22142, 393, 2839, 17487, 13, 198, 198, 49, 3609, 361, 531, 262, 1271, 286, 8015, 19105, 4392, 3568, 284, 307, 18080, 780, 3215, 2828, 389, 4684, 284, 1021, 625, 649, 1321, 13, 366, 42747, 8015, 389, 734, 284, 1440, 1661, 517, 1884, 284, 1282, 284, 262, 471, 13, 50, 13, 355, 34956, 621, 34956, 389, 553, 371, 3609, 361, 531, 13, 198, 198, 56, 364, 72, 509, 10546, 11, 4640, 3437, 286, 262, 6318, 3337, 329, 8990, 338, 6923, 287, 16849, 11, 257, 471, 13, 50, 7874, 3106, 1729, 12, 9183, 4009, 11, 1444, 329, 3230, 1037, 287, 4917, 7429, 13, 198, 198, 1, 1026, 318, 13962, 66, 295, 540, 326, 262, 7420, 7142, 4477, 284, 11148, 284, 2148]"," about half of foreign-born Syrian refugees in Lebanon were young people who told them they had worked for a local college.

Half of those of Syrian descent left Lebanon more quickly than those of Iraqi descent, according to Mohamed Raeif, a researcher at JOCU, the country's resettlement agency. That means many of them had taken school trips or worked through migration fees, being sponsored by an NGO or private sponsor.

Raeif said the number of refugees fleeing Syria appears to be declining because foreign officials are willing to hand over new information. ""Syrian refugees are two to four times more likely to come to the U.S. as Iraqis than Iraqis are,"" Raeif said.

Yersi Kaman, executive director of the Syrian Center for Children's Rights in Lebanon, a U.S.-based non-profit organization, called for international help in finding answers.

""It is unconscionable that the Saudi regime continues to refuse to provide"
11,Science,A recent study published in the journal found that,top_p,22.0,"[10202, 1029, 1524, 21571, 3965, 547, 1884, 284, 423, 1029, 11746, 52, 966, 3815, 960, 25591, 3917, 351, 1729, 41693, 24751, 290, 3360, 772, 1029, 1524, 41220, 2974, 13, 3244, 757, 11, 530, 1244, 892, 326, 484, 821, 655, 2219, 2565, 5423, 11, 475, 287, 428, 2050, 11, 484, 821, 1107, 257, 1178, 279, 2114, 1497, 422, 22364, 329, 262, 584, 5871, 13, 383, 2050, 468, 1541, 587, 26521, 276, 287, 1524, 4963, 13, 632, 338, 379, 1551, 355, 611, 484, 765, 534, 5764, 319, 534, 21571, 1755, 11, 290, 340, 815, 307, 612, 13, 198, 198, 1026, 338, 635, 2407, 3499, 284, 3465, 326, 345, 1053, 1541, 587, 14537, 355, 257, 10637, 3710, 416, 262, 4152, 287, 1808, 11, 523, 484, 3066, 284, 11206, 257, 8381, 2450, 284, 10129, 393, 2046, 345, 611, 345, 651, 366, 7645, 8388, 1, 9473, 13, 4619, 788, 11, 484, 1053, 1760, 523, 319, 511, 898, 10219, 25, 554, 281, 2720, 351, 5674, 18947, 11, 13754, 6233, 2254, 338, 749, 2274, 10637, 3710, 11, 22722, 399, 274, 2545, 11, 1139, 339, 338, 1282, 503, 284, 2828, 287, 281, 2230, 284, 869, 262, 3950, 503, 13, 632, 4962, 503, 326, 612, 338, 379, 1551, 530]"," Utah high school graduation rates were likely to have high NAU point values—those associated with nonmedical qualifications and sometimes even high school diploma levels. Then again, one might think that they're just common sense standards, but in this study, they're really a few paces away from stereotypes for the other candidates. The study has already been misrepresented in school documents. It's at least as if they want your award on your graduation night, and it should be there.

It's also quite interesting to note that you've already been highlighted as a transgender student by the college in question, so they decided to adopt a controversial policy to deny or fire you if you get ""transgender"" papers. Since then, they've done so on their own initiative: In an interview with MassLive, Salt Lake City's most recent transgender student, Erik Nesbit, says he's come out to officials in an attempt to call the reality out. It turns out that there's at least one"
11,Science,A recent study published in the journal found that,top_p,33.0,"[287, 9963, 262, 5279, 7686, 2950, 287, 4580, 363, 5914, 507, 389, 23738, 290, 31031, 1626, 534, 1641, 416, 10685, 19444, 286, 18648, 290, 595, 259, 24108, 13, 632, 1838, 2565, 284, 2050, 777, 11701, 832, 257, 1048, 338, 898, 11202, 286, 511, 898, 1176, 290, 832, 4888, 9751, 625, 257, 1813, 3074, 11, 531, 23040, 41971, 12, 27869, 11, 1085, 13453, 286, 262, 2050, 13, 198, 198, 1, 8061, 389, 835, 517, 18290, 284, 6467, 3833, 618, 484, 821, 1088, 661, 508, 389, 2208, 36457, 319, 1223, 484, 836, 470, 5911, 351, 553, 41971, 12, 27869, 531, 13, 366, 1026, 318, 1593, 284, 766, 655, 703, 1913, 883, 9176, 389, 351, 9751, 1399, 883, 389, 262, 3288, 13204, 11701, 326, 389, 810, 484, 711, 503, 290, 326, 356, 389, 1884, 284, 2193, 13, 1320, 338, 257, 11483, 326, 356, 4398, 470, 6939, 326, 286, 11, 356, 836, 470, 765, 284, 467, 2045, 329, 22364, 11, 356, 765, 284, 2193, 546, 3968, 526, 198, 198, 1722, 1290, 355, 383, 27680, 14, 464, 10346, 17588, 2173, 503, 11, 2619, 1466, 423, 262, 4511, 2526, 286, 347, 5760, 25, 4764, 1411, 286, 1466, 989, 262, 8791, 11, 3688, 351, 3439, 1411, 286]"," in childhood the gender networks involved in microaggressions are reinforced and validated within your family by biological norms of dominance and disinhibition. It makes sense to study these mechanisms through a person's own perception of their own power and through shared anxiety over a given situation, said Amanda Bauer-Williams, lead researcher of the study.

""People are way more resistant to cultural pressure when they're around people who are superimposed on something they don't identify with,"" Bauer-Williams said. ""It is important to see just how strong those roles are with anxiety… those are the natural structural mechanisms that are where they play out and that we are likely to learn. That's a lesson that we haven't realized that of, we don't want to go looking for stereotypes, we want to learn about culture.""

As far as The Straight/The Baltimore Tribune points out, Black women have the highest risk of BPD: 48 percent of women report the encounter, compared with 35 percent of"
12,History,"During the medieval period, castles were built primarily to",greedy,,"[2156, 262, 41748, 13, 383, 16669, 373, 3170, 287, 262, 3504, 286, 262, 678, 400, 4289, 11, 290, 373, 3170, 287, 262, 3504, 286, 262, 1160, 400, 4289, 13, 383, 16669, 373, 3170, 287, 262, 3504, 286, 262, 2310, 301, 4289, 11, 290, 373, 3170, 287, 262, 3504, 286, 262, 2534, 358, 4289, 13, 383, 16669, 373, 3170, 287, 262, 3504, 286, 262, 2242, 4372, 4289, 11, 290, 373, 3170, 287, 262, 3504, 286, 262, 1987, 400, 4289, 13, 383, 16669, 373, 3170, 287, 262, 3504, 286, 262, 1679, 400, 4289, 11, 290, 373, 3170, 287, 262, 3504, 286, 262, 2608, 400, 4289, 13, 383, 16669, 373, 3170, 287, 262, 3504, 286, 262, 2681, 400, 4289, 11, 290, 373, 3170, 287, 262, 3504, 286, 262, 2579, 400, 4289, 13, 383, 16669, 373, 3170, 287, 262, 3504, 286, 262, 2808, 400, 4289, 11, 290, 373, 3170, 287, 262, 3504, 286, 262, 1542, 400, 4289, 13, 383, 16669, 373, 3170, 287, 262, 3504, 286, 262, 3261, 301, 4289, 11, 290, 373, 3170, 287, 262, 3504, 286, 262, 3933, 358, 4289, 13, 383, 16669, 373, 3170, 287, 262, 3504, 286, 262, 4747, 4372, 4289, 11, 290, 373, 3170, 287, 262, 3504, 286, 262]"," house the nobility. The castle was built in the middle of the 19th century, and was built in the middle of the 20th century. The castle was built in the middle of the 21st century, and was built in the middle of the 22nd century. The castle was built in the middle of the 23rd century, and was built in the middle of the 24th century. The castle was built in the middle of the 25th century, and was built in the middle of the 26th century. The castle was built in the middle of the 27th century, and was built in the middle of the 28th century. The castle was built in the middle of the 29th century, and was built in the middle of the 30th century. The castle was built in the middle of the 31st century, and was built in the middle of the 32nd century. The castle was built in the middle of the 33rd century, and was built in the middle of the"
12,History,"During the medieval period, castles were built primarily to",top_p,11.0,"[2156, 636, 286, 262, 41748, 13, 554, 1948, 11, 262, 4165, 45402, 547, 4624, 319, 1588, 18028, 357, 23073, 1105, 3625, 8, 290, 351, 6340, 2114, 2491, 422, 9753, 284, 9753, 13, 383, 1353, 286, 262, 42251, 547, 39871, 416, 4860, 18028, 13, 383, 6727, 18570, 286, 262, 6340, 2114, 547, 286, 4898, 351, 4274, 20161, 47240, 1063, 13, 383, 6340, 2114, 547, 1690, 3170, 355, 281, 27070, 22672, 13, 2102, 11, 262, 15581, 7777, 547, 3221, 852, 6027, 329, 890, 3381, 5103, 2138, 621, 366, 1416, 430, 2105, 1, 656, 257, 3660, 2615, 13, 2773, 49203, 635, 550, 30779, 15425, 351, 3350, 274, 13, 383, 14555, 36578, 286, 584, 3427, 8950, 357, 5005, 30433, 8849, 1976, 333, 45371, 354, 488, 660, 748, 10274, 421, 1039, 8, 905, 326, 257, 1588, 6903, 286, 262, 17113, 400, 321, 271, 13354, 262, 1729, 12, 18760, 2736, 15423, 4189, 710, 13, 4650, 22674, 287, 262, 16969, 286, 262, 49203, 7763, 13460, 286, 21573, 11, 5316, 290, 772, 19394, 13, 6379, 3815, 290, 37591, 12, 70, 5872, 278, 547, 3519, 284, 21573, 290, 3081, 286, 1204, 13, 383, 6340, 2114, 6032, 8096, 15581, 25045, 507, 11, 2330, 3326, 5282, 357, 4125, 3129, 5700, 286]"," house part of the nobility. In particular, the primary residences were placed on large towers (usually 12 feet) and with palaces running from roof to roof. The top of the roofs were anchored by guard towers. The upper floors of the palaces were of wood with double pine lattices. The palaces were often built as an architectural marvel. However, the noble houses were usually being planned for long term construction rather than ""scrapping"" into a modern building. Some castles also had peasant villages with castes. The earliest manuscripts of other European languages (Deutsche marks zur Geschichte des Banquets) show that a large portion of the Granthamis dominated the non-Bronze Sorbonne. Many passages in the descriptions of the castles contained themes of fertility, justice and even feminism. Land values and feudal-gardening were related to fertility and quality of life. The palaces typically featured noble mansions, white veranda (speculums of"
12,History,"During the medieval period, castles were built primarily to",top_p,22.0,"[2156, 2035, 42173, 393, 42676, 13, 18181, 287, 15313, 5917, 11, 484, 547, 635, 2347, 12, 32783, 13, 770, 373, 416, 645, 1724, 262, 717, 1672, 286, 26464, 605, 49203, 393, 2276, 5678, 507, 13, 14303, 2961, 1661, 11, 2219, 4133, 2810, 262, 4237, 286, 477, 543, 547, 2810, 11, 1863, 351, 13064, 50078, 11, 17523, 290, 584, 10632, 4740, 13, 14207, 262, 6427, 286, 262, 6955, 912, 11, 41901, 2627, 8766, 1143, 290, 262, 2219, 14298, 2540, 284, 2152, 287, 262, 13360, 286, 10598, 290, 337, 13, 8377, 12657, 274, 13, 770, 2278, 635, 2497, 262, 9793, 286, 19955, 41748, 287, 6365, 11, 810, 484, 2627, 27536, 13, 7486, 10570, 14596, 3767, 284, 3896, 262, 8631, 11, 777, 21557, 2627, 7744, 13356, 287, 511, 2426, 11, 508, 12548, 262, 15581, 6938, 290, 2612, 286, 465, 366, 11358, 1911, 554, 428, 835, 11, 262, 2904, 7042, 7993, 50025, 9456, 1029, 11533, 287, 6156, 10598, 11, 543, 373, 8902, 4166, 290, 9387, 3690, 262, 4302, 995, 13, 50256]"," house either nobles or princes. Except in exceptional circumstances, they were also mass-produced. This was by no means the first example of monarchical castles or general constructions. Until earlier times, common resources provided the sources of all which were provided, along with luxury dwellings, servants and other luxuries. Following the passing of the Copts, kingdoms became formalized and the commonwealth began to exist in the realm of Rome and M. Nicomedes. This period also saw the introduction of medieval nobility in Egypt, where they became knights. Though ascetics continued to rule the plain, these kings became deeply invested in their subject, who reflected the noble taste and heart of his ""father"". In this way, the recently formed Roman aristocracy maintained high popularity in ancient Rome, which was rapidly developed and distributed throughout the Christian world."
12,History,"During the medieval period, castles were built primarily to",top_p,33.0,"[4404, 2405, 1028, 1692, 12, 6888, 1484, 24193, 11, 355, 880, 355, 287, 3761, 286, 4158, 5043, 13, 383, 481, 286, 262, 26464, 373, 2714, 878, 393, 1141, 1181, 2324, 287, 1502, 284, 5713, 262, 12389, 379, 257, 1575, 13, 198, 198, 9444, 35291, 198, 198, 1858, 547, 1811, 3689, 1141, 262, 15170, 2367, 25, 262, 8006, 286, 46369, 11, 3434, 416, 13258, 44778, 6711, 357, 40454, 1906, 1129, 3132, 828, 393, 15828, 46964, 1741, 13, 198, 198, 2215, 262, 5498, 33744, 11686, 1088, 290, 612, 373, 1223, 284, 307, 531, 546, 262, 7832, 286, 9261, 259, 609, 333, 5116, 338, 15652, 1350, 16559, 357, 1129, 2998, 1906, 2481, 8, 393, 7193, 282, 3754, 406, 315, 2213, 505, 338, 13685, 385, 354, 7012, 459, 11, 612, 373, 257, 1913, 20788, 329, 3685, 13, 1550, 262, 1290, 886, 286, 262, 41638, 19262, 379, 4682, 2304, 272, 6401, 68, 11, 262, 26014, 290, 262, 5822, 338, 3085, 3653, 42459, 257, 4274, 12, 48916, 8429, 284, 16180, 257, 1614, 3014, 339, 72, 601, 13, 2773, 351, 5814, 7666, 329, 262, 2619, 5830, 357, 4826, 67, 377, 11023, 320, 5256, 463, 14783, 422, 7772, 268, 12, 54, 25151, 926, 1491, 70, 287, 465, 1492]"," defend themselves against human-caused disasters, as well as in defense of religious sites. The will of the monarch was held before or during state security in order to secure the crown at a cost.

Conservatives

There were several options during the Crusades: the capture of Constantinople, attacks by Pope Innocent III (1920–1931), or outright capitulation.

When the Second Crusade rolled around and there was something to be said about the likes of Antonin Churkin's Rebbe Bishop (1907–21) or Talalius Luttrone's Kruschbaast, there was a strong appetite for violence. On the far end of the Bourbon throne at Franciscan Forte, the clergy and the king's staffmen wielded a double-edged sword to threaten a deviant heiress. Some with warm feelings for the Black Death (Abdul Halim Erudiri from Baden-Württemberg in his book"
13,History,The fall of the Roman Empire was caused by a combination of,greedy,,"[262, 4485, 286, 262, 7993, 8065, 290, 262, 2121, 286, 262, 7993, 8065, 13, 383, 7993, 8065, 373, 257, 3665, 13735, 326, 373, 1498, 284, 1630, 262, 995, 290, 373, 1498, 284, 1630, 262, 995, 338, 4133, 13, 383, 7993, 8065, 373, 257, 3665, 13735, 326, 373, 1498, 284, 1630, 262, 995, 290, 373, 1498, 284, 1630, 262, 995, 338, 4133, 13, 383, 7993, 8065, 373, 257, 3665, 13735, 326, 373, 1498, 284, 1630, 262, 995, 290, 373, 1498, 284, 1630, 262, 995, 338, 4133, 13, 383, 7993, 8065, 373, 257, 3665, 13735, 326, 373, 1498, 284, 1630, 262, 995, 290, 373, 1498, 284, 1630, 262, 995, 338, 4133, 13, 383, 7993, 8065, 373, 257, 3665, 13735, 326, 373, 1498, 284, 1630, 262, 995, 290, 373, 1498, 284, 1630, 262, 995, 338, 4133, 13, 383, 7993, 8065, 373, 257, 3665, 13735, 326, 373, 1498, 284, 1630, 262, 995, 290, 373, 1498, 284, 1630, 262, 995, 338, 4133, 13, 383, 7993, 8065, 373, 257, 3665, 13735, 326, 373, 1498, 284, 1630, 262, 995, 290, 373, 1498, 284, 1630, 262, 995, 338, 4133, 13, 383, 7993, 8065, 373, 257, 3665, 13735, 326, 373, 1498, 284, 1630, 262, 995, 290, 373, 1498, 284]", the rise of the Roman Empire and the fall of the Roman Empire. The Roman Empire was a powerful empire that was able to control the world and was able to control the world's resources. The Roman Empire was a powerful empire that was able to control the world and was able to control the world's resources. The Roman Empire was a powerful empire that was able to control the world and was able to control the world's resources. The Roman Empire was a powerful empire that was able to control the world and was able to control the world's resources. The Roman Empire was a powerful empire that was able to control the world and was able to control the world's resources. The Roman Empire was a powerful empire that was able to control the world and was able to control the world's resources. The Roman Empire was a powerful empire that was able to control the world and was able to control the world's resources. The Roman Empire was a powerful empire that was able to control the world and was able to
13,History,The fall of the Roman Empire was caused by a combination of,top_p,11.0,"[734, 2585, 6, 7794, 290, 257, 1441, 284, 13503, 13, 1119, 547, 16264, 416, 257, 1588, 1175, 357, 1314, 11, 830, 284, 1160, 11, 830, 7993, 2636, 422, 517, 621, 604, 11, 830, 9976, 828, 262, 3741, 286, 663, 3026, 1175, 784, 5952, 416, 17686, 22561, 286, 29177, 11, 40938, 11, 48594, 11, 29676, 11, 40938, 11, 20555, 23860, 11341, 290, 584, 31622, 357, 6738, 262, 1367, 11, 830, 284, 513, 11, 830, 8720, 6823, 11150, 16856, 852, 916, 26963, 737, 198, 198, 464, 5358, 3767, 11, 290, 379, 1551, 617, 838, 11, 830, 661, 547, 2923, 393, 4814, 13, 383, 6078, 1735, 7907, 4317, 1411, 286, 262, 7993, 8065, 338, 38115, 13, 1114, 1672, 11, 362, 11, 830, 31622, 547, 7907, 13, 1550, 262, 584, 1735, 11, 262, 8065, 338, 11778, 7313, 18201, 7560, 749, 286, 262, 16702, 286, 1729, 12, 32454, 13384, 13, 198, 198, 14945, 584, 16771, 287, 262, 48100, 547, 18818, 286, 14312, 3119, 13, 1114, 1672, 11, 347, 8553, 78, 357, 1169, 48100, 828, 319, 262, 584, 1021, 11, 373, 6635, 49181, 416, 23356, 287, 1315, 2816, 26, 475, 878, 262, 17146, 373, 772, 8018, 11, 23356, 34012, 1802, 11, 830, 6608, 13, 198, 198]"," two states' decline and a return to slavery. They were characterized by a large war (15,000 to 20,000 Roman dead from more than 4,000 wars), the majority of its civil war – conducted by vicious gangs of peasants, communists, fascists, anarchists, communists, communist sympathizers and other insurgents (from the 11,000 to 3,000 officially registered syndicates being instigated).

The conflict continued, and at least some 10,000 people were killed or missing. The losing side captured 70 percent of the Roman Empire's treasury. For example, 2,000 insurgents were captured. On the other side, the Empire's slave trading surplus generated most of the loot of non-Roman slaves.

Several other territories in the Balkans were stripped of imperial property. For example, Borneo (the Balkans), on the other hand, was totally annexed by Romania in 1555; but before the republic was even recognized, Romania confiscated 100,000 properties.

"
13,History,The fall of the Roman Empire was caused by a combination of,top_p,22.0,"[8312, 290, 7993, 38226, 13, 383, 25059, 19344, 1862, 1029, 12, 14347, 9810, 296, 2850, 416, 511, 1903, 7799, 357, 10755, 262, 976, 2479, 355, 5658, 15375, 737, 7735, 11, 416, 1903, 9316, 6, 6317, 284, 262, 2995, 286, 262, 1903, 4564, 11, 484, 1718, 287, 629, 22090, 508, 550, 2722, 884, 257, 3047, 11, 14102, 6419, 290, 5504, 286, 511, 21334, 11, 4438, 409, 20860, 357, 29810, 355, 35518, 828, 290, 1908, 3264, 284, 257, 4365, 329, 9185, 13, 1002, 262, 37458, 547, 319, 257, 1235, 329, 3725, 290, 3872, 11, 484, 714, 635, 423, 1100, 32976, 290, 34067, 13, 887, 484, 477, 2630, 286, 262, 11858, 2405, 11, 290, 4193, 18330, 606, 416, 262, 9573, 286, 511, 1295, 287, 262, 995, 13, 1374, 484, 714, 307, 1908, 284, 262, 2085, 666, 291, 13360, 373, 262, 1049, 10715, 286, 9316, 287, 6156, 2031, 13, 554, 644, 2565, 389, 883, 1243, 262, 6156, 25059, 1900, 11, 355, 1223, 2092, 284, 644, 484, 2222, 351, 606, 284, 10598, 30, 632, 318, 257, 4950, 10715, 11, 772, 287, 511, 1110, 11, 475, 340, 318, 257, 10715, 5340, 284, 3938, 49031, 20540, 13, 2293, 477, 11, 644, 318, 612, 284, 307, 1043, 287]"," Greek and Roman transformations. The Greeks favored young high-school sophomores by their early teachers (about the same age as Thomas Jefferson). Further, by early Christians' reaction to the events of the early Church, they took in scribes who had received such a training, compiled facts and accounts of their surroundings, offered excommunications (sometimes as punishments), and sent directly to a mission for repair. If the missionaries were on a quest for knowledge and truth, they could also have read Plato and Aristotle. But they all wrote of the gods themselves, and helped inspire them by the diversity of their place in the world. How they could be sent to the messianic realm was the great mystery of Christians in ancient Europe. In what sense are those things the ancient Greeks known, as something similar to what they bring with them to Rome? It is a beautiful mystery, even in their day, but it is a mystery impossible to fully elucidate. After all, what is there to be found in"
13,History,The fall of the Roman Empire was caused by a combination of,top_p,33.0,"[734, 5087, 13, 1550, 262, 530, 1021, 11, 262, 7463, 286, 262, 7993, 8065, 373, 281, 753, 756, 305, 1851, 856, 1785, 11, 290, 750, 407, 1011, 1295, 287, 257, 17076, 26, 319, 262, 584, 1021, 11, 257, 19414, 286, 3034, 1502, 287, 262, 3814, 416, 257, 30080, 3139, 2957, 284, 257, 9807, 286, 1919, 1502, 13, 383, 1966, 11, 810, 3034, 10159, 373, 15032, 11, 635, 5545, 11091, 6459, 284, 262, 19414, 286, 1919, 1502, 13, 383, 9807, 286, 12129, 12053, 257, 1448, 286, 7941, 508, 550, 587, 287, 262, 2139, 286, 262, 1903, 17146, 284, 1210, 511, 3241, 284, 644, 3022, 1141, 262, 2121, 286, 262, 7993, 8065, 11, 351, 262, 12031, 286, 6079, 4975, 284, 262, 3034, 1080, 13, 198, 198, 464, 10393, 1964, 4009, 326, 7042, 262, 2656, 15477, 373, 44455, 351, 262, 14568, 6922, 262, 1230, 379, 262, 640, 286, 262, 2121, 286, 262, 7993, 8065, 11, 290, 7194, 284, 16481, 262, 14568, 284, 1210, 511, 3241, 284, 4975, 379, 262, 4511, 1241, 286, 1230, 13, 2773, 286, 262, 15477, 338, 749, 1593, 4028, 547, 262, 16636, 286, 257, 2151, 286, 2444, 290, 7941, 284, 1394, 262, 31062, 379, 15489, 11, 290, 262, 7743, 286]"," two factors. On the one hand, the falling of the Roman Empire was an incontrovertible event, and did not take place in a vacuum; on the other hand, a restoration of economic order in the region by a rebuilt capital led to a collapse of social order. The former, where economic stability was restored, also presented considerable challenges to the restoration of social order. The collapse of capitalism prompted a group of activists who had been in the service of the early republic to turn their attention to what happened during the fall of the Roman Empire, with the aims of bringing reform to the economic system.

The progressive political organization that formed the original Movement was dissatisfied with the masses ruling the government at the time of the fall of the Roman Empire, and sought to organize the masses to turn their attention to reform at the highest level of government. Some of the Movement's most important actions were the founding of a party of students and activists to keep the Soviets at bay, and the teaching of"
14,History,"In the early twentieth century, many countries began to",greedy,,"[11206, 262, 3721, 286, 366, 14557, 1042, 1, 355, 257, 1964, 3381, 13, 554, 262, 1578, 1829, 11, 262, 3381, 366, 14557, 1042, 1, 373, 973, 284, 6901, 262, 2126, 326, 262, 1181, 815, 307, 262, 6195, 2723, 286, 1919, 9490, 13, 554, 262, 1578, 7526, 11, 262, 3381, 366, 14557, 1042, 1, 373, 973, 284, 6901, 262, 2126, 326, 262, 1181, 815, 307, 262, 6195, 2723, 286, 1919, 9490, 13, 554, 262, 1578, 1829, 11, 262, 3381, 366, 14557, 1042, 1, 373, 973, 284, 6901, 262, 2126, 326, 262, 1181, 815, 307, 262, 6195, 2723, 286, 1919, 9490, 13, 198, 198, 818, 262, 1578, 1829, 11, 262, 3381, 366, 14557, 1042, 1, 373, 973, 284, 6901, 262, 2126, 326, 262, 1181, 815, 307, 262, 6195, 2723, 286, 1919, 9490, 13, 554, 262, 1578, 1829, 11, 262, 3381, 366, 14557, 1042, 1, 373, 973, 284, 6901, 262, 2126, 326, 262, 1181, 815, 307, 262, 6195, 2723, 286, 1919, 9490, 13, 198, 198, 818, 262, 1578, 1829, 11, 262, 3381, 366, 14557, 1042, 1, 373, 973, 284, 6901, 262, 2126, 326, 262, 1181, 815, 307, 262, 6195, 2723, 286, 1919, 9490, 13, 554, 262, 1578, 1829, 11, 262, 3381, 366, 14557]"," adopt the concept of ""socialism"" as a political term. In the United States, the term ""socialism"" was used to describe the idea that the state should be the sole source of social welfare. In the United Kingdom, the term ""socialism"" was used to describe the idea that the state should be the sole source of social welfare. In the United States, the term ""socialism"" was used to describe the idea that the state should be the sole source of social welfare.

In the United States, the term ""socialism"" was used to describe the idea that the state should be the sole source of social welfare. In the United States, the term ""socialism"" was used to describe the idea that the state should be the sole source of social welfare.

In the United States, the term ""socialism"" was used to describe the idea that the state should be the sole source of social welfare. In the United States, the term ""social"
14,History,"In the early twentieth century, many countries began to",top_p,11.0,"[5380, 2585, 6, 6829, 287, 257, 1271, 286, 2842, 13, 1119, 3177, 6427, 257, 1099, 21787, 1336, 7184, 2489, 11, 884, 355, 10112, 1524, 1895, 393, 1171, 1535, 1337, 13, 554, 2253, 11, 543, 302, 27381, 276, 1981, 2489, 355, 25352, 1981, 14130, 11, 38081, 2540, 284, 10865, 3657, 284, 1805, 663, 4290, 287, 262, 2457, 3781, 13, 198, 198, 1537, 749, 4388, 373, 262, 1605, 826, 284, 16481, 290, 3015, 13, 383, 1099, 287, 5491, 2810, 2742, 1724, 329, 281, 1981, 284, 1208, 257, 366, 1416, 430, 1496, 1, 11100, 13, 5514, 780, 749, 1866, 286, 262, 3427, 4479, 3088, 284, 3350, 511, 20103, 329, 257, 9871, 4540, 750, 484, 1716, 262, 2134, 286, 5242, 286, 5690, 287, 749, 3427, 2678, 13, 24581, 3427, 2106, 11, 257, 1738, 329, 262, 869, 329, 3034, 10404, 422, 3427, 4479, 13354, 262, 1923, 13, 198, 198, 1722, 34576, 6235, 503, 11, 366, 16833, 1364, 3592, 10251, 8098, 290, 2314, 3368, 340, 11, 329, 340, 3607, 257, 5761, 284, 543, 1692, 9791, 1254, 511, 2223, 11, 523, 326, 543, 284, 719, 287, 511, 2839, 5353, 318, 11, 878, 477, 1854, 11, 511, 898, 11, 407, 284, 307, 4596, 15385, 284, 606, 329, 663]"," seek states' assistance in a number of ways. They considered passing a law granting full employment rights, such as universal school access or public health care. In America, which reinterpreted individual rights as exercising individual discretion, legislatures began to enact laws to protect its citizens in the final analysis.

But most successful was the American right to organize and vote. The law in Britain provided legal means for an individual to pass a ""scrapped"" ballot. Only because most members of the European Union tried to cast their ballots for a preferred candidate did they become the object of millions of votes in most European countries. Throughout European history, a reason for the call for economic independence from European Union dominated the campaign.

As Locke pointed out, ""every left society fears poverty and cannot avoid it, for it gives a vision to which human beings feel their action, so that which to act in their private interests is, before all others, their own, not to be dispensed to them for its"
14,History,"In the early twentieth century, many countries began to",top_p,22.0,"[4239, 17834, 11, 5650, 11, 24249, 290, 10637, 357, 37701, 8, 685, 2091, 4357, 257, 1448, 286, 8514, 4166, 287, 2882, 284, 1171, 6459, 286, 1919, 14900, 290, 1487, 685, 2682, 4083, 8798, 284, 262, 10848, 3017, 262, 30677, 286, 33449, 11, 17219, 11, 19473, 11, 290, 10870, 19838, 11, 1863, 351, 13936, 286, 17673, 8950, 290, 25871, 11, 5874, 9285, 11, 290, 9280, 13, 43797, 1466, 338, 6467, 3640, 3111, 379, 262, 4755, 286, 257, 4365, 286, 8282, 1903, 14314, 3640, 286, 262, 835, 661, 290, 1466, 547, 1775, 1626, 8661, 3592, 13, 554, 262, 1578, 1829, 11, 10637, 1466, 338, 3725, 286, 5279, 290, 16641, 6596, 351, 262, 10066, 286, 10637, 3026, 2489, 5520, 13, 770, 373, 8793, 832, 262, 14900, 286, 27126, 379, 4266, 290, 48368, 4266, 11, 1390, 41482, 4266, 11, 1535, 21434, 11, 3707, 10399, 11, 290, 1582, 5374, 498, 4056, 13, 6023, 13293, 286, 777, 4040, 373, 262, 6282, 286, 262, 5279, 4188, 263, 290, 14314, 14314, 4056, 1626, 4845, 290, 1919, 23034, 287, 11823, 7027, 13, 1881, 2274, 1672, 318, 4881, 11, 810, 5279, 12, 13159, 1102, 15464, 1450, 290, 6510, 329, 6988, 515, 319, 262, 1466, 338, 31893, 286, 23382, 20377, 379]"," restrict lesbian, gay, bisexual and transgender (LGBT) [33], a group of technologies developed in response to public challenges of social inclusion and change [34]. Access to the arts included the mastery of anatomy, biology, mathematics, and cognitive sciences, along with exploration of indigenous languages and mythology, visual literature, and dance. Lesbian women's cultural studies worked at the core of a mission of continuing early feminist studies of the way people and women were seen within mainstream society. In the United States, transgender women's knowledge of gender and sexuality improved with the passage of transgender civil rights legislation. This was achieved through the inclusion of essays at schools and vocational schools, including transsexual schools, health clinics, education centers, and parochial programs. Another achievement of these efforts was the creation of the genderqueer and feminist feminist programs within marriage and social activism in emerging nations. One recent example is France, where gender-nonconforming men and boys fornicated on the women's lounge of Notre Dame at"
14,History,"In the early twentieth century, many countries began to",top_p,33.0,"[2620, 511, 1687, 30244, 422, 3056, 290, 3623, 3227, 355, 880, 13, 632, 373, 257, 1049, 16470, 284, 466, 523, 11, 287, 543, 356, 750, 881, 517, 621, 1181, 38081, 287, 262, 29666, 4289, 13, 554, 257, 517, 2274, 3781, 11, 7212, 2011, 364, 2173, 503, 326, 428, 9377, 1634, 11, 1813, 262, 13688, 286, 262, 1294, 3773, 11, 13536, 514, 284, 12780, 329, 262, 11219, 1687, 11, 772, 996, 262, 835, 287, 543, 428, 1687, 373, 9177, 11, 355, 340, 468, 587, 973, 416, 1294, 2706, 287, 1811, 3427, 2678, 11, 468, 587, 8627, 329, 617, 640, 13, 23, 8013, 318, 262, 15068, 326, 1838, 674, 7044, 21843, 1080, 1254, 1180, 422, 262, 835, 340, 750, 625, 262, 10675, 13, 3412, 810, 21843, 468, 12572, 625, 640, 11, 262, 2742, 4578, 460, 991, 48923, 3193, 307, 6190, 326, 356, 1276, 2190, 262, 31086, 286, 3925, 355, 257, 636, 286, 674, 4466, 960, 1350, 484, 1181, 393, 2839, 960, 12518, 7219, 351, 5704, 13, 198, 198, 40, 716, 1016, 284, 7048, 326, 351, 597, 1230, 326, 318, 287, 262, 3504, 1398, 356, 561, 6986, 423, 284, 11005, 5704, 5000, 13, 1629, 262, 976, 640, 356, 743, 307, 1762, 284, 5236]"," increase their tax exemptions from oil and gas production as well. It was a great leap to do so, in which we did much more than state legislatures in the nineteenth century. In a more recent analysis, Joseph Myers points out that this rationalization, given the flexibility of the US economy, enables us to qualify for the tobacco tax, even though the way in which this tax was implemented, as it has been used by US companies in several European countries, has been uncertain for some time.8 Such is the adjustment that makes our ongoing taxation system feel different from the way it did over the centuries. Even where taxation has evolved over time, the legal argument can still plausibly be advanced that we must treat the deductions of individuals as a part of our budget—be they state or private—when dealing with taxes.

I am going to assume that with any government that is in the middle class we would essentially have to eliminate taxes entirely. At the same time we may be working to balance"
15,History,The invention of the printing press changed society by,greedy,,"[1642, 340, 1744, 284, 787, 257, 3094, 4996, 286, 5563, 11, 422, 3835, 284, 14741, 11, 290, 284, 787, 606, 517, 3538, 9857, 284, 262, 1171, 13, 383, 13570, 1803, 373, 257, 1724, 286, 1642, 257, 3094, 4996, 286, 5563, 11, 422, 3835, 284, 14741, 11, 290, 284, 787, 606, 517, 3538, 9857, 284, 262, 1171, 13, 383, 14250, 286, 262, 13570, 1803, 3421, 3592, 416, 1642, 340, 1744, 284, 787, 257, 3094, 4996, 286, 5563, 11, 422, 3835, 284, 14741, 11, 290, 284, 787, 606, 517, 3538, 9857, 284, 262, 1171, 13, 198, 198, 464, 14250, 286, 262, 13570, 1803, 3421, 3592, 416, 1642, 340, 1744, 284, 787, 257, 3094, 4996, 286, 5563, 11, 422, 3835, 284, 14741, 11, 290, 284, 787, 606, 517, 3538, 9857, 284, 262, 1171, 13, 383, 14250, 286, 262, 13570, 1803, 3421, 3592, 416, 1642, 340, 1744, 284, 787, 257, 3094, 4996, 286, 5563, 11, 422, 3835, 284, 14741, 11, 290, 284, 787, 606, 517, 3538, 9857, 284, 262, 1171, 13, 198, 198, 464, 14250, 286, 262, 13570, 1803, 3421, 3592, 416, 1642, 340, 1744, 284, 787, 257, 3094, 4996, 286, 5563, 11, 422, 3835, 284, 14741, 11, 290, 284, 787, 606, 517, 3538]"," making it possible to make a wide variety of objects, from books to newspapers, and to make them more easily accessible to the public. The printing press was a means of making a wide variety of objects, from books to newspapers, and to make them more easily accessible to the public. The invention of the printing press changed society by making it possible to make a wide variety of objects, from books to newspapers, and to make them more easily accessible to the public.

The invention of the printing press changed society by making it possible to make a wide variety of objects, from books to newspapers, and to make them more easily accessible to the public. The invention of the printing press changed society by making it possible to make a wide variety of objects, from books to newspapers, and to make them more easily accessible to the public.

The invention of the printing press changed society by making it possible to make a wide variety of objects, from books to newspapers, and to make them more easily"
15,History,The invention of the printing press changed society by,top_p,11.0,"[3867, 422, 257, 7310, 1242, 284, 257, 3748, 3783, 13, 554, 262, 976, 835, 326, 7475, 389, 3194, 351, 15432, 11, 16882, 318, 3194, 351, 13522, 13, 198, 198, 11486, 772, 379, 257, 4580, 5046, 262, 7309, 29144, 3091, 318, 925, 286, 7309, 11, 645, 2300, 703, 13455, 3562, 13, 12101, 663, 4960, 7548, 11, 262, 1802, 4693, 286, 5156, 18051, 389, 407, 925, 351, 262, 976, 2587, 13, 11317, 11, 484, 389, 925, 287, 14096, 7268, 5179, 286, 4138, 286, 10532, 286, 27644, 16567, 13, 1320, 531, 11, 6159, 277, 799, 1010, 4249, 46054, 389, 15092, 565, 540, 13, 383, 43882, 973, 416, 616, 1641, 389, 635, 15092, 565, 540, 11, 262, 13015, 286, 543, 389, 734, 2063, 11111, 416, 734, 2063, 11111, 287, 14753, 13, 770, 1738, 815, 1037, 4727, 1521, 2253, 318, 5213, 546, 30429, 1634, 286, 18051, 13, 198, 198, 1722, 314, 423, 3194, 878, 11, 287, 262, 3592, 286, 32445, 1535, 18051, 612, 389, 1690, 366, 44, 13513, 360, 8142, 1, 543, 389, 5901, 351, 15955, 25501, 11, 788, 5901, 351, 44030, 49084, 290, 788, 28305, 656, 262, 3641, 351, 262, 717, 3850, 422, 616, 2988, 13, 1374, 11282, 13, 8673, 262, 7309, 636, 286]"," moving from a distinct art to a unique science. In the same way that letters are written with velocity, ink is written with gravity.

Yet even at a micro scale the plastic glove box is made of plastic, no matter how poorly designed. Unlike its Japanese equivalent, the 100 species of baby gloves are not made with the same material. Rather, they are made in bottles containing hundreds of thousands of drops of jelly beans. That said, neither fritters nor mats are recyclable. The capsules used by my family are also recyclable, the edges of which are two half inch by two half inch in diameter. This reason should help explain why America is concerned about sterilization of gloves.

As I have written before, in the society of disposable health gloves there are often ""Mummy Dumps"" which are filled with aluminum foil, then filled with molten gelatin and then stamped into the center with the first letter from my father. How convenient. Perhaps the plastic part of"
15,History,The invention of the printing press changed society by,top_p,22.0,"[5086, 3925, 284, 3601, 3538, 290, 11512, 287, 1103, 640, 13, 12495, 13570, 468, 257, 2187, 649, 3616, 355, 1290, 355, 262, 1459, 14614, 6980, 318, 5213, 13, 198, 198, 464, 3348, 1700, 10874, 286, 1402, 10398, 3354, 286, 2219, 3348, 355, 262, 3348, 12444, 284, 307, 5322, 13, 1052, 2562, 835, 284, 2005, 3348, 318, 416, 2391, 12560, 262, 6565, 6903, 286, 262, 1700, 7382, 1969, 284, 534, 1021, 13, 4418, 11, 3584, 262, 3348, 379, 530, 640, 3114, 24097, 357, 292, 611, 319, 534, 15683, 8, 340, 714, 307, 2005, 3538, 416, 1021, 351, 922, 50003, 290, 1231, 47876, 287, 262, 3601, 13, 198, 198, 5189, 1781, 612, 389, 1180, 3348, 20328, 326, 460, 307, 973, 475, 749, 13991, 286, 262, 13570, 1803, 389, 1690, 973, 284, 3601, 31650, 3709, 290, 1690, 13245, 306, 981, 635, 8024, 284, 670, 287, 262, 2214, 13, 554, 428, 2565, 11, 262, 10398, 3335, 1444, 262, 13570, 1803, 318, 1223, 2092, 284, 262, 1903, 13570, 3348, 475, 925, 351, 257, 4569, 34824, 3037, 13, 198, 198, 42950, 13266, 784, 1081, 4428, 992, 290, 16718, 287, 3782, 9276, 198, 198, 464, 11706, 15075, 286, 262, 3348, 1803, 318, 262, 3586, 286, 262, 13570]"," allowing individuals to print easily and safely in real time. Modern printing has a whole new meaning as far as the current technological era is concerned.

The paper record consists of small printed parts of common paper as the paper tends to be reduced. An easy way to cut paper is by simply placing the empty portion of the record somewhere close to your hand. Also, although the paper at one time looked messy (as if on your thumb) it could be cut easily by hand with good dexterity and without distortions in the print.

Of course there are different paper varieties that can be used but most variations of the printing press are often used to print novelty items and often transparently while also returning to work in the field. In this sense, the printed device called the printing press is something similar to the early printing paper but made with a traditional patented technology.

Paper Record – Assembled and Used in Times Square

The closest analog of the paper press is the application of the printing"
15,History,The invention of the printing press changed society by,top_p,33.0,"[13359, 3744, 4925, 329, 3227, 11, 925, 340, 1744, 284, 5127, 257, 3094, 4996, 286, 3186, 981, 991, 26645, 262, 7606, 13391, 543, 356, 2883, 1909, 13, 383, 1181, 468, 326, 4621, 11, 780, 340, 7622, 257, 25798, 5386, 13, 632, 468, 262, 5339, 284, 19396, 625, 19528, 284, 1805, 257, 1813, 1910, 11, 284, 1210, 9155, 262, 10177, 11, 290, 284, 2948, 5854, 13, 1318, 318, 2147, 284, 7267, 546, 428, 11, 393, 546, 1771, 393, 407, 326, 4096, 1176, 468, 11196, 11, 4556, 612, 318, 1223, 3200, 287, 326, 3200, 326, 8781, 326, 3592, 866, 13, 1318, 318, 257, 1738, 329, 3612, 326, 4925, 318, 691, 1744, 611, 345, 423, 262, 1724, 284, 2152, 13, 1649, 12129, 318, 19169, 11, 810, 561, 262, 1479, 1910, 307, 1231, 262, 25250, 11, 810, 262, 1854, 561, 307, 1479, 30, 1867, 857, 340, 1612, 326, 281, 3773, 714, 307, 4721, 510, 1231, 326, 6884, 30, 632, 1724, 326, 257, 3592, 810, 2506, 714, 423, 1895, 284, 3446, 644, 339, 3382, 290, 857, 423, 1895, 284, 262, 4899, 339, 3382, 318, 1744, 13, 770, 561, 787, 514, 477, 257, 1365, 3592, 780, 356, 477, 765, 284, 307, 922, 13, 383, 14614, 661]"," ensuring greater freedom for production, made it possible to supply a wide variety of products while still retaining the competitive advantages which we enjoy today. The state has that advantage, because it keeps a captive audience. It has the capacity to bend over backward to protect a given market, to turn loose the profits, and to prevent revolution. There is nothing to argue about this, or about whether or not that basic power has existed, unless there is something secret in that secret that lets that society down. There is a reason for thinking that freedom is only possible if you have the means to exist. When capitalism is realised, where would the free market be without the bureaucracy, where the others would be free? What does it mean that an economy could be opened up without that infrastructure? It means that a society where everyone could have access to exactly what he wants and does have access to the tools he wants is possible. This would make us all a better society because we all want to be good. The technological people"
16,Opinion,Many people believe that technology has made our lives better because,greedy,,"[286, 340, 13, 887, 340, 338, 407, 2081, 13, 198, 198, 44893, 468, 925, 674, 3160, 1365, 780, 286, 340, 13, 887, 340, 338, 407, 2081, 13, 198, 198, 44893, 468, 925, 674, 3160, 1365, 780, 286, 340, 13, 887, 340, 338, 407, 2081, 13, 198, 198, 44893, 468, 925, 674, 3160, 1365, 780, 286, 340, 13, 887, 340, 338, 407, 2081, 13, 198, 198, 44893, 468, 925, 674, 3160, 1365, 780, 286, 340, 13, 887, 340, 338, 407, 2081, 13, 198, 198, 44893, 468, 925, 674, 3160, 1365, 780, 286, 340, 13, 887, 340, 338, 407, 2081, 13, 198, 198, 44893, 468, 925, 674, 3160, 1365, 780, 286, 340, 13, 887, 340, 338, 407, 2081, 13, 198, 198, 44893, 468, 925, 674, 3160, 1365, 780, 286, 340, 13, 887, 340, 338, 407, 2081, 13, 198, 198, 44893, 468, 925, 674, 3160, 1365, 780, 286, 340, 13, 887, 340, 338, 407, 2081, 13, 198, 198, 44893, 468, 925, 674, 3160, 1365, 780, 286, 340, 13, 887, 340, 338, 407, 2081, 13, 198, 198, 44893, 468, 925, 674, 3160, 1365, 780, 286, 340, 13, 887, 340, 338, 407, 2081, 13, 198, 198, 44893, 468, 925, 674, 3160, 1365, 780, 286, 340]"," of it. But it's not true.

Technology has made our lives better because of it. But it's not true.

Technology has made our lives better because of it. But it's not true.

Technology has made our lives better because of it. But it's not true.

Technology has made our lives better because of it. But it's not true.

Technology has made our lives better because of it. But it's not true.

Technology has made our lives better because of it. But it's not true.

Technology has made our lives better because of it. But it's not true.

Technology has made our lives better because of it. But it's not true.

Technology has made our lives better because of it. But it's not true.

Technology has made our lives better because of it. But it's not true.

Technology has made our lives better because of it"
16,Opinion,Many people believe that technology has made our lives better because,top_p,11.0,"[340, 318, 1365, 329, 674, 3160, 553, 44684, 292, 531, 13, 198, 198, 2504, 4901, 373, 749, 10678, 938, 5041, 618, 340, 9349, 326, 262, 2717, 1230, 468, 11032, 720, 24, 13, 18, 1510, 517, 355, 257, 2717, 7264, 329, 2688, 5268, 5627, 4493, 11, 772, 996, 340, 1541, 550, 19171, 257, 2472, 286, 720, 1485, 1510, 329, 257, 2472, 286, 517, 621, 720, 19, 13, 20, 2997, 13, 198, 198, 31305, 262, 1637, 287, 262, 720, 24, 13, 18, 1510, 318, 422, 2839, 11455, 326, 389, 11032, 329, 471, 13, 50, 13, 2422, 290, 23184, 2324, 4056, 13, 9754, 262, 4056, 326, 389, 991, 1695, 389, 1323, 278, 11, 649, 1323, 11926, 290, 3710, 8063, 5057, 13, 50256]"," it is better for our lives,"" Vargas said.

That belief was most evident last weekend when it emerged that the federal government has designated $9.3 million more as a federal grant for West End housing projects, even though it already had allocated a total of $13 million for a total of more than $4.5 billion.

Half the money in the $9.3 million is from private grants that are designated for U.S. military and homeland security programs. Among the programs that are still available are busing, new bus routes and student loan debt."
16,Opinion,Many people believe that technology has made our lives better because,top_p,22.0,"[356, 460, 2107, 517, 3538, 290, 11512, 287, 1103, 1204, 13, 843, 428, 468, 257, 2187, 1256, 284, 466, 351, 4875, 1316, 44549, 13, 198, 198, 43964, 510, 287, 281, 1989, 810, 661, 1690, 3417, 18151, 355, 407, 655, 616, 28571, 6, 11, 484, 973, 284, 869, 340, 262, 1263, 6541, 13, 11382, 546, 340, 26, 314, 481, 1239, 1577, 510, 616, 3072, 13, 2011, 3656, 481, 1239, 910, 11, 366, 40, 481, 1239, 1577, 510, 616, 26346, 526, 314, 716, 1464, 33798, 286, 777, 1243, 290, 314, 481, 13, 198, 198, 49, 893, 17913, 318, 7256, 284, 607, 2597, 355, 257, 10099, 3025, 4365, 318, 284, 4175, 477, 6982, 286, 3925, 508, 481, 4414, 422, 3037, 287, 257, 1295, 588, 14818, 10711, 290, 329, 883, 584, 508, 5380, 284, 8209, 287, 262, 2055, 286, 607, 3572, 13, 554, 3090, 284, 9505, 30452, 11, 371, 893, 17913, 318, 635, 4609, 287, 262, 15818, 290, 22414, 1230, 286, 14818, 10711, 290, 4964, 262, 4736, 286, 14818, 10711, 290, 14818, 10711, 3687, 11823, 422, 11210, 3072, 900, 12, 4852, 10559, 13, 198, 198, 1925, 624, 468, 2067, 257, 9905, 287, 543, 673, 468, 587, 3375, 546, 3649, 262, 779, 286, 5175, 5479]"," we can live more easily and safely in real life. And this has a whole lot to do with digital communicators.

Growing up in an area where people often described smartphones as not just my grandparents', they used to call it the big guns. Think about it; I will never give up my phone. My wife will never say, ""I will never give up my cellphone."" I am always mindful of these things and I will.

Rysborough is dedicated to her role as a journalist whose mission is to inform all kinds of individuals who will benefit from technology in a place like Sudbury and for those other who seek to engage in the community of her choice. In addition to covering telecom, Rysborough is also interested in the provincial and territorial government of Sudbury and watching the cities of Sudbury and Sudbury East emerging from satellite phone set-top boxes.

Chick has started a podcast in which she has been talking about increasing the use of mobile applications"
16,Opinion,Many people believe that technology has made our lives better because,top_p,33.0,"[286, 340, 13, 1675, 867, 11, 428, 2331, 284, 307, 1912, 319, 41666, 2370, 13, 198, 198, 464, 7823, 481, 2650, 262, 1366, 319, 663, 366, 85, 40920, 2526, 3781, 1, 379, 352, 4426, 319, 3431, 379, 257, 1575, 286, 4248, 23, 13, 1731, 1510, 532, 319, 1353, 286, 17058, 484, 8636, 284, 1575, 4248, 1129, 1510, 13, 632, 635, 2523, 326, 625, 2026, 583, 1247, 286, 262, 16433, 468, 257, 2726, 14013, 393, 5110, 8967, 13, 383, 5230, 468, 14434, 3160, 13, 198, 198, 12025, 3009, 17334, 21171, 7183, 286, 262, 7823, 761, 284, 1394, 510, 351, 262, 3452, 351, 3136, 286, 2324, 31523, 290, 10075, 3434, 13, 18903, 25, 8428, 198, 198, 1026, 318, 1884, 326, 772, 883, 508, 389, 4388, 561, 1998, 2761, 1903, 319, 351, 1862, 661, 508, 460, 645, 2392, 5412, 3950, 13, 383, 7823, 531, 379, 262, 640, 286, 262, 3434, 326, 546, 3478, 503, 286, 790, 939, 286, 663, 5386, 561, 423, 845, 1310, 4547, 546, 262, 4899, 393, 8514, 2950, 290, 772, 1342, 4562, 287, 4569, 1230, 8573, 13, 198, 198, 3886, 262, 886, 286, 2211, 5491, 318, 13301, 284, 423, 3016, 352, 1510, 661, 1231, 4096, 1321, 13, 383, 989, 1444]"," of it. To many, this seems to be based on anecdotal evidence.

The BBC will release the data on its ""vulnerability risk analysis"" at 1pm on Tuesday at a cost of £8.24 million - on top of salaries they estimate to cost £19 million. It also shows that over 50 per cent of the workforce has a serious disability or mental disorder. The internet has transformed lives.

Facebook Twitter Pinterest Adult readers of the BBC need to keep up with the latest with reports of security breaches and cyber attacks. Photograph: Reuters

It is likely that even those who are successful would experience problems early on with young people who can no longer handle reality. The BBC said at the time of the attacks that about ten out of every 200 of its audience would have very little understanding about the tools or technologies involved and even less faith in traditional government structures.

By the end of 2013 Britain is projected to have nearly 1 million people without basic information. The report called"
17,Opinion,One of the biggest challenges facing modern education is,greedy,,"[262, 3092, 286, 257, 25713, 1332, 13, 198, 198, 1, 1135, 423, 284, 651, 5755, 286, 262, 25713, 1332, 553, 531, 1583, 13, 3271, 311, 13, 509, 5117, 11, 257, 6240, 286, 3707, 379, 262, 2059, 286, 3442, 11, 14727, 13, 366, 1135, 423, 284, 651, 5755, 286, 262, 25713, 1332, 13, 775, 423, 284, 651, 5755, 286, 262, 25713, 1332, 13, 775, 423, 284, 651, 5755, 286, 262, 25713, 1332, 526, 198, 198, 464, 471, 13, 50, 13, 2732, 286, 7868, 468, 587, 1762, 319, 257, 25713, 1332, 329, 517, 621, 257, 5707, 13, 383, 1332, 318, 3562, 284, 3953, 262, 2694, 286, 2444, 284, 2193, 290, 284, 6758, 287, 1524, 13, 198, 198, 464, 471, 13, 50, 13, 2732, 286, 7868, 468, 587, 1762, 319, 257, 25713, 1332, 329, 517, 621, 257, 5707, 13, 383, 1332, 318, 3562, 284, 3953, 262, 2694, 286, 2444, 284, 2193, 290, 284, 6758, 287, 1524, 13, 198, 198, 464, 471, 13, 50, 13, 2732, 286, 7868, 468, 587, 1762, 319, 257, 25713, 1332, 329, 517, 621, 257, 5707, 13, 383, 1332, 318, 3562, 284, 3953, 262, 2694, 286, 2444, 284, 2193, 290, 284, 6758, 287, 1524, 13, 198, 198, 464, 471, 13]"," the lack of a standardized test.

""We have to get rid of the standardized test,"" said Dr. David S. Karp, a professor of education at the University of California, Berkeley. ""We have to get rid of the standardized test. We have to get rid of the standardized test. We have to get rid of the standardized test.""

The U.S. Department of Education has been working on a standardized test for more than a decade. The test is designed to measure the ability of students to learn and to succeed in school.

The U.S. Department of Education has been working on a standardized test for more than a decade. The test is designed to measure the ability of students to learn and to succeed in school.

The U.S. Department of Education has been working on a standardized test for more than a decade. The test is designed to measure the ability of students to learn and to succeed in school.

The U."
17,Opinion,One of the biggest challenges facing modern education is,top_p,11.0,"[703, 284, 4155, 326, 2427, 286, 43347, 351, 17010, 11, 262, 1862, 661, 508, 389, 9648, 749, 357, 392, 815, 307, 8, 2193, 284, 4545, 2405, 13, 198, 198, 11486, 772, 379, 257, 1862, 2479, 262, 3741, 286, 32579, 389, 925, 510, 286, 883, 508, 389, 45029, 378, 11, 1327, 12, 45477, 11, 407, 1498, 284, 1302, 329, 257, 3015, 290, 508, 389, 1690, 1364, 503, 286, 1398, 13, 3412, 618, 345, 2193, 262, 3597, 286, 9966, 24572, 393, 25017, 15226, 3130, 11, 345, 836, 470, 760, 644, 284, 466, 351, 606, 13, 921, 691, 2193, 351, 262, 4814, 3835, 13, 1400, 9856, 835, 13, 198, 198, 1212, 2476, 284, 1487, 13, 198, 198, 40, 1101, 1280, 284, 11776, 290, 314, 1101, 6568, 284, 5453, 326, 517, 6205, 3555, 815, 307, 7817, 11, 588, 262, 1988, 286, 4854, 3519, 284, 1729, 12, 39491, 9176, 290, 3519, 8233, 22582, 13, 198, 198, 34363, 378, 287, 7044, 2347, 31231, 25982, 13, 198, 198, 44, 2668, 284, 23995, 416, 257, 9137, 286, 1402, 12, 14543, 11, 27525, 12, 41152, 261, 7799, 287, 3050, 13, 198, 198, 6187, 2940, 797, 320, 727, 422, 16774, 278, 5491, 2499, 7173, 351, 1751, 284, 1037, 606, 4911]"," how to ensure that instead of overflowing with ignorance, the young people who are struggling most (and should be) learn to teach themselves.

Yet even at a young age the majority of classrooms are made up of those who are illiterate, hard-pressed, not able to stand for a vote and who are often left out of class. Even when you learn the writing of Albert Einstein or Calvin Coolidge, you don't know what to do with them. You only learn with the missing books. No educational way.

This needs to change.

I'm open to suggestions and I'm excited to announce that more youth reading should be taught, like the value of hearing related to non-binary roles and related academic perspectives.

Participate in ongoing mass literacy workshops.

Moved to Glasgow by a minority of small-minded, Anglo-Saxon teachers in 2010.

Dr Mark Reimold from Parenting Britain works closely with children to help them express"
17,Opinion,One of the biggest challenges facing modern education is,top_p,22.0,"[326, 356, 2107, 287, 257, 15337, 995, 326, 7224, 1029, 12, 14347, 278, 355, 257, 2187, 11, 262, 691, 6536, 326, 6067, 13, 2750, 1642, 1654, 2444, 423, 262, 1266, 3707, 1744, 290, 11236, 262, 1266, 4266, 11, 356, 2911, 284, 1944, 262, 33630, 11, 749, 6007, 11, 290, 11, 749, 13206, 5559, 284, 1175, 287, 262, 6046, 3687, 290, 584, 2842, 286, 22488, 340, 13, 1406, 1290, 11, 8233, 6712, 290, 32579, 423, 1282, 257, 890, 835, 11, 475, 484, 1183, 307, 1464, 319, 1180, 5468, 13, 198, 198, 5569, 517, 286, 616, 1561, 379, 15689, 17554, 764, 50256]"," that we live in a confusing world that sees high-schooling as a whole, the only category that matters. By making sure students have the best education possible and choosing the best schools, we hope to present the safest, most capable, and, most compelling alternative to war in the Middle East and other ways of acquiring it. So far, academic institutions and classrooms have come a long way, but they'll be always on different pages.

Read more of my talk at Bloomberg Politics ."
17,Opinion,One of the biggest challenges facing modern education is,top_p,33.0,"[13359, 340, 17289, 1692, 2489, 11, 33446, 4096, 22008, 290, 12497, 257, 3592, 287, 257, 5448, 290, 10393, 4571, 13, 383, 4576, 11, 287, 663, 12660, 286, 2679, 1181, 2324, 287, 8695, 284, 3707, 11, 3177, 257, 3967, 10156, 13, 632, 531, 326, 262, 4576, 635, 561, 4691, 355, 257, 366, 445, 11221, 9030, 1, 287, 11307, 329, 3707, 11, 810, 4671, 284, 262, 2681, 12, 25729, 4576, 1410, 284, 2620, 9359, 290, 10515, 12, 27604, 2428, 13, 198, 198, 464, 2267, 3348, 468, 587, 9181, 416, 4576, 6712, 287, 511, 4576, 14138, 6, 6299, 329, 1811, 812, 13, 887, 351, 3136, 588, 428, 11, 6154, 910, 11, 340, 468, 1364, 351, 1310, 2119, 284, 7301, 262, 3967, 2597, 286, 262, 4576, 287, 4486, 11, 287, 1948, 319, 663, 7901, 284, 4155, 1365, 15025, 286, 663, 7097, 11637, 13, 198, 198, 5005, 30433, 370, 13485, 11, 4486, 338, 4387, 4795, 7533, 11, 1139, 326, 428, 34602, 27430, 257, 4274, 3210, 287, 4486, 338, 5287, 284, 2209, 262, 13142, 2071, 290, 14, 273, 351, 2683, 546, 18582, 286, 3427, 2678, 25, 198, 198, 1212, 373, 407, 691, 19556, 290, 2984, 35698, 11, 475, 262, 4576, 338, 922, 18848, 714, 691, 423]"," ensuring it protects human rights, defends basic liberties and reflects a society in a healthy and progressive direction. The EU, in its evaluation of German state security in relation to education, considered a positive contribution. It said that the EU also would serve as a ""redemption mechanism"" in Berlin for education, where parties to the 27-nation EU plan to increase awareness and labour-management issues.

The research paper has been cited by EU institutions in their EU ministers' statements for several years. But with reports like this, experts say, it has left with little room to explore the positive role of the EU in Germany, in particular on its commitment to ensure better functioning of its external borders.

Deutsche Welle, Germany's largest independent newspaper, says that this dossier outlines a double standard in Germany's failure to address the asylum issue and/or with questions about sovereignty of European countries:

This was not only flawed and misinformed, but the EU's good governance could only have"
18,Opinion,Critics argue that the new policy will fail to address,greedy,,"[262, 1917, 286, 1877, 12, 12519, 5627, 13, 198, 198, 1, 464, 5627, 1910, 318, 407, 257, 922, 1295, 284, 2107, 553, 531, 3271, 347, 13, 4176, 11, 257, 6240, 286, 12446, 379, 262, 2059, 286, 3442, 11, 14727, 13, 366, 1026, 338, 257, 845, 2089, 1295, 284, 2107, 526, 198, 198, 464, 649, 2450, 11, 543, 481, 307, 9177, 287, 262, 717, 2063, 286, 2177, 11, 481, 2421, 326, 477, 649, 5627, 4991, 307, 3170, 287, 262, 1748, 11, 290, 326, 262, 1748, 338, 5627, 4934, 1276, 2148, 257, 5288, 286, 734, 12, 17936, 286, 262, 649, 4991, 13, 198, 198, 464, 649, 2450, 481, 635, 2421, 326, 262, 1748, 338, 5627, 4934, 2148, 257, 5288, 286, 734, 12, 17936, 286, 262, 649, 4991, 13, 198, 198, 464, 649, 2450, 481, 635, 2421, 326, 262, 1748, 338, 5627, 4934, 2148, 257, 5288, 286, 734, 12, 17936, 286, 262, 649, 4991, 13, 198, 198, 464, 649, 2450, 481, 635, 2421, 326, 262, 1748, 338, 5627, 4934, 2148, 257, 5288, 286, 734, 12, 17936, 286, 262, 649, 4991, 13, 198, 198, 464, 649, 2450, 481, 635, 2421, 326, 262, 1748, 338, 5627, 4934, 2148, 257, 5288, 286, 734, 12, 17936, 286]"," the problem of low-income housing.

""The housing market is not a good place to live,"" said David B. Smith, a professor of economics at the University of California, Berkeley. ""It's a very bad place to live.""

The new policy, which will be implemented in the first half of 2017, will require that all new housing units be built in the city, and that the city's housing authority must provide a minimum of two-thirds of the new units.

The new policy will also require that the city's housing authority provide a minimum of two-thirds of the new units.

The new policy will also require that the city's housing authority provide a minimum of two-thirds of the new units.

The new policy will also require that the city's housing authority provide a minimum of two-thirds of the new units.

The new policy will also require that the city's housing authority provide a minimum of two-thirds of"
18,Opinion,Critics argue that the new policy will fail to address,top_p,11.0,"[777, 2585, 6, 7794, 287, 1957, 7184, 13, 198, 198, 464, 649, 2450, 12932, 284, 21210, 530, 286, 777, 2761, 25, 383, 4152, 3710, 1687, 3884, 318, 2391, 407, 1695, 284, 1605, 4172, 13, 9241, 45773, 1986, 5989, 3016, 1679, 1411, 517, 287, 3710, 5057, 621, 484, 561, 1414, 611, 262, 3884, 1816, 1497, 13, 198, 198, 10364, 2486, 2904, 5495, 281, 3626, 284, 1969, 866, 262, 1687, 3884, 13318, 11, 290, 262, 6136, 2276, 468, 6520, 284, 1561, 546, 340, 13, 3819, 2585, 389, 3649, 511, 898, 3710, 8063, 29135, 1373, 290, 3501, 510, 5989, 1588, 21784, 286, 2717, 3710, 6133, 284, 15273, 13, 198, 198, 1212, 614, 11, 649, 4466, 4963, 7766, 326, 5242, 286, 5054, 287, 14776, 1637, 318, 852, 44105, 12004, 572, 379, 257, 1957, 1241, 13, 3412, 996, 2253, 338, 749, 4664, 4290, 389, 517, 1884, 284, 307, 9648, 18786, 621, 2180, 10439, 11, 340, 338, 10061, 703, 881, 286, 262, 1637, 1016, 284, 262, 366, 44, 2668, 284, 7754, 12, 818, 2958, 5995, 1, 1430, 318, 852, 973, 284, 1104, 262, 1459, 3710, 8063, 1430, 13, 198, 198, 464, 4796, 2732, 338, 4452, 286, 16027, 21023, 468, 925, 5433, 7475, 284, 3162, 329, 517]"," these states' decline in local employment.

The new policy seeks to remedy one of these problems: The college student tax credit is simply not available to American families. Taxpayers face paying nearly 25 percent more in student debt than they would pay if the credit went away.

President Obama recently introduced an effort to close down the tax credit altogether, and the attorney general has refused to talk about it. Other states are increasing their own student loan deferral and giving up paying large sums of federal student aid to colleges.

This year, new budget documents reveal that millions of dollars in taxpayer money is being siphoned off at a local level. Even though America's most senior citizens are more likely to be struggling financially than previous generations, it's unclear how much of the money going to the ""Moved to Low-Income Home"" program is being used to support the current student loan program.

The Justice Department's Office of Legal Counsel has made 42 letters to Congress for more"
18,Opinion,Critics argue that the new policy will fail to address,top_p,22.0,"[262, 1029, 2974, 286, 1085, 2974, 1775, 287, 1862, 661, 13, 198, 198, 464, 2347, 22475, 286, 262, 12164, 9197, 416, 262, 1459, 5931, 3434, 4073, 1115, 7040, 290, 7724, 3119, 2465, 290, 6411, 22451, 1417, 262, 3160, 286, 4138, 286, 661, 11, 484, 1624, 13, 198, 198, 1537, 11, 1863, 351, 17260, 2370, 286, 1692, 290, 5044, 8159, 11, 884, 6373, 5879, 612, 389, 1178, 7095, 284, 7111, 284, 28164, 26612, 13, 198, 198, 27429, 379, 2526, 286, 1903, 19798, 368, 873, 198, 198, 20045, 286, 262, 2370, 329, 705, 7442, 286, 262, 1285, 6, 6509, 1028, 7111, 284, 4923, 12910, 422, 29419, 9013, 2058, 422, 16255, 286, 1862, 661, 13, 198, 198, 1537, 262, 8111, 6638, 5535, 286, 19234, 33194, 1139, 25, 366, 464, 5654, 2370, 284, 3128, 318, 326, 845, 1178, 286, 514, 1833, 703, 881, 286, 428, 4419, 318, 2233, 284, 1085, 7111, 290, 703, 1029, 777, 2974, 423, 284, 307, 329, 661, 287, 4166, 2678, 284, 4646, 511, 2526, 286, 5922, 9963, 25217, 290, 3802, 257, 1363, 13, 198, 198, 1, 464, 2370, 422, 262, 21660, 11, 7055, 6291, 900, 12073, 2252, 262, 869, 284, 2223, 319, 262, 636, 286, 262, 1230, 284, 2792, 262]"," the high levels of lead levels seen in young people.

The mass poisoning of the Murray circle by the current chemical attacks caused three deaths and 72 property damage and seriously jeopardised the lives of thousands of people, they claim.

But, along with mounting evidence of human and animal origin, such findings prove there are few limits to exposure to carcinogens.

Australia at risk of early pandemics

Much of the evidence for 'case of the week' warning against exposure to dangerous chemicals from poisoned foods comes from surveys of young people.

But the Royal Australian College of Pharmacists says: ""The scientific evidence to date is that very few of us understand how much of this harm is due to lead exposure and how high these levels have to be for people in developed countries to reduce their risk of developing childhood cancers and enter a home.

""The evidence from the Flint, Michigan sample set raises further the call to action on the part of the government to link the"
18,Opinion,Critics argue that the new policy will fail to address,top_p,33.0,"[262, 761, 284, 2209, 10717, 2685, 2267, 290, 29883, 6625, 11, 4441, 3224, 1575, 290, 5711, 13, 383, 649, 2450, 481, 24632, 11455, 284, 1402, 290, 7090, 12, 13982, 2267, 11155, 284, 7330, 777, 10717, 2685, 3725, 11, 355, 880, 355, 284, 10660, 257, 649, 1410, 284, 1205, 5559, 3186, 13, 198, 198, 2215, 1965, 11, 11307, 531, 612, 318, 366, 3919, 1738, 1521, 262, 1230, 815, 4219, 257, 649, 1430, 284, 4646, 393, 2948, 262, 1271, 286, 10717, 2685, 8668, 9867, 583, 1110, 526, 1375, 2087, 326, 484, 460, 366, 15883, 10135, 287, 1903, 13326, 290, 1486, 286, 13820, 553, 4375, 326, 262, 5909, 3741, 286, 4890, 10717, 2685, 2267, 318, 3306, 284, 2948, 393, 2190, 4369, 13, 366, 1135, 389, 2391, 4737, 329, 5827, 1337, 11, 356, 389, 4737, 329, 11044, 13, 1320, 318, 257, 1688, 8475, 329, 262, 5136, 286, 11558, 553, 673, 531, 13, 198, 198, 44, 1040, 2044, 338, 4238, 7734, 373, 6241, 416, 845, 1913, 1812, 2732, 6317, 284, 607, 2708, 13, 383, 2732, 1908, 257, 3850, 319, 2693, 362, 12059, 18263, 338, 779, 286, 262, 3381, 366, 20490, 5256, 324, 3299, 6118, 1, 357, 7707, 47, 8, 287, 607, 2656, 3704, 13, 383]"," the need to address stem cell research and antibiotic resistance, creating additional cost and delay. The new policy will slash grants to small and medium-sized research universities to obtain these stem cell knowledge, as well as to pursue a new plan to develop alternative products.

When asked, Berlin said there is ""no reason why the government should launch a new program to reduce or prevent the number of stem cell clinical trials per day."" She added that they can ""make mistakes in early detection and design of treatments,"" adding that the vast majority of cancer stem cell research is necessary to prevent or treat disease. ""We are simply asking for patient care, we are asking for innovation. That is a major priority for the Institute of Medicine,"" she said.

Minscher's initial criticism was expressed by very strong State Department reaction to her article. The Department sent a letter on September 2 describing Merkel's use of the term ""Human Eradication Program"" (DRP) in her original piece. The"
19,Opinion,"In my view, the most important skill for the future is",greedy,,"[284, 423, 257, 922, 4547, 286, 262, 995, 1088, 345, 13, 198, 198, 40, 1101, 407, 2282, 326, 345, 815, 307, 257, 4708, 16076, 13, 314, 1101, 2282, 326, 345, 815, 307, 1498, 284, 466, 1243, 326, 345, 460, 470, 466, 287, 534, 898, 1204, 13, 198, 198, 40, 1101, 407, 2282, 326, 345, 815, 307, 257, 4708, 16076, 13, 314, 1101, 2282, 326, 345, 815, 307, 1498, 284, 466, 1243, 326, 345, 460, 470, 466, 287, 534, 898, 1204, 13, 198, 198, 40, 1101, 407, 2282, 326, 345, 815, 307, 257, 4708, 16076, 13, 314, 1101, 2282, 326, 345, 815, 307, 1498, 284, 466, 1243, 326, 345, 460, 470, 466, 287, 534, 898, 1204, 13, 198, 198, 40, 1101, 407, 2282, 326, 345, 815, 307, 257, 4708, 16076, 13, 314, 1101, 2282, 326, 345, 815, 307, 1498, 284, 466, 1243, 326, 345, 460, 470, 466, 287, 534, 898, 1204, 13, 198, 198, 40, 1101, 407, 2282, 326, 345, 815, 307, 257, 4708, 16076, 13, 314, 1101, 2282, 326, 345, 815, 307, 1498, 284, 466, 1243, 326, 345, 460, 470, 466, 287, 534, 898, 1204, 13, 198, 198, 40, 1101, 407, 2282, 326, 345, 815, 307, 257, 4708, 16076, 13]"," to have a good understanding of the world around you.

I'm not saying that you should be a professional athlete. I'm saying that you should be able to do things that you can't do in your own life.

I'm not saying that you should be a professional athlete. I'm saying that you should be able to do things that you can't do in your own life.

I'm not saying that you should be a professional athlete. I'm saying that you should be able to do things that you can't do in your own life.

I'm not saying that you should be a professional athlete. I'm saying that you should be able to do things that you can't do in your own life.

I'm not saying that you should be a professional athlete. I'm saying that you should be able to do things that you can't do in your own life.

I'm not saying that you should be a professional athlete."
19,Opinion,"In my view, the most important skill for the future is",top_p,11.0,"[3867, 636, 286, 534, 3632, 656, 1728, 4028, 2138, 621, 262, 584, 835, 1088, 13, 2080, 749, 357, 361, 407, 477, 8, 286, 616, 4708, 2597, 4981, 11, 314, 423, 7891, 705, 368, 257, 1643, 973, 284, 616, 3220, 25278, 1630, 784, 2263, 32953, 11, 772, 14284, 422, 530, 4811, 284, 1194, 13, 3914, 338, 1011, 262, 711, 286, 28283, 338, 366, 31199, 2024, 1600, 788, 13, 198, 198, 464, 24877, 21589, 198, 198, 1026, 318, 3499, 284, 3465, 326, 1290, 422, 7720, 14371, 11, 262, 24877, 21589, 318, 1682, 2407, 1327, 284, 36336, 13, 2773, 19973, 262, 4814, 15793, 355, 6078, 534, 835, 13, 383, 307, 69, 32745, 995, 286, 1692, 1204, 3073, 2636, 2945, 416, 326, 2063, 12, 35310, 13, 2773, 1011, 340, 355, 6617, 326, 1738, 815, 307, 5625, 11, 2138, 621, 1988, 11, 290, 663, 779, 287, 1597, 290, 1230, 13, 198, 198, 1026, 318, 1744, 329, 262, 3592, 284, 1061, 257, 4958, 12959, 13, 27411, 389, 31841, 1153, 8109, 3025, 6195, 5798, 318, 284, 21923, 511, 3074, 11, 523, 597, 1487, 284, 340, 393, 511, 2839, 1204, 318, 14084, 2469, 313, 3379, 13, 1439, 326, 2058, 866, 284, 366, 10919, 857, 262, 995, 761, 826]"," moving part of your brain into certain actions rather than the other way around. With most (if not all) of my professional role models, I have gotten 'em a bit used to my increased impulse control – taking shortcuts, even jumping from one strategy to another. Let's take the play of Napoleon's ""Liberators"", then.

The Inner Scale

It is interesting to note that far from cutting corners, the Inner Scale is actually quite hard to quantify. Some perceive the missing dimension as losing your way. The befuddled world of human life looks deadened by that half-truth. Some take it as proof that reason should be applied, rather than value, and its use in business and government.

It is possible for the society to follow a master ideology. Humans are sapient creatures whose sole responsibility is to tolerate their situation, so any change to it or their private life is strictly negotiable. All that comes down to ""what does the world need right"
19,Opinion,"In my view, the most important skill for the future is",top_p,22.0,"[284, 1064, 777, 38226, 6414, 1022, 262, 734, 1862, 13760, 13, 11259, 428, 11, 257, 2187, 11862, 743, 423, 284, 467, 832, 790, 1744, 9943, 7094, 287, 1502, 284, 1064, 257, 1844, 13389, 13, 198, 198, 19246, 278, 257, 14174, 11862, 318, 881, 4577, 13, 1318, 389, 3294, 12779, 11, 286, 1781, 13, 887, 340, 318, 991, 845, 881, 262, 976, 1917, 13, 383, 4610, 468, 1541, 587, 33214, 866, 284, 1262, 640, 2168, 13, 554, 1109, 11, 314, 4750, 287, 262, 2180, 1281, 319, 4280, 7656, 399, 4147, 13, 383, 2458, 284, 262, 2438, 423, 1541, 587, 3017, 13, 314, 2911, 340, 318, 257, 2829, 627, 292, 576, 17459, 3164, 284, 23934, 262, 16578, 283, 9573, 287, 257, 14174, 4732, 13, 198, 198, 5377, 11141, 414, 198, 198, 818, 262, 2029, 1281, 319, 3082, 1723, 13760, 25, 554, 584, 2456, 11, 318, 340, 1744, 284, 29308, 5365, 2829, 18955, 17262, 287, 2628, 286, 1440, 11, 1057, 1223, 2092, 290, 766, 611, 340, 2499, 30, 3894, 11, 1309, 338, 804, 379, 257, 2829, 890, 900, 286, 7668, 13760, 13, 3914, 338, 8494, 340, 6731, 13, 314, 869, 262, 869, 286, 428, 4645, 262, 39141, 5537, 13, 1649, 356, 892, 546]"," to find these transformations consistent between the two young nodes. Given this, a whole algorithm may have to go through every possible permutation in order to find a complete transformation.

Developing a linear algorithm is much easier. There are multiple possibilities, of course. But it is still very much the same problem. The solution has already been narrowed down to using time series. In fact, I mentioned in the previous post on Decoding Nodes. The changes to the code have already been included. I hope it is a simple quasileptic approach to preserving the scalar diversity in a linear context.

Complexity

In the above post on Comparing nodes: In other words, is it possible to simulate relatively simple molecular dynamics in groups of four, run something similar and see if it works? Well, let's look at a simple long set of mixed nodes. Let's solve it ourselves. I call the call of this structure the Turing Prime. When we think about"
19,Opinion,"In my view, the most important skill for the future is",top_p,33.0,"[329, 2706, 284, 12553, 12965, 11153, 287, 511, 4493, 355, 880, 13, 632, 3607, 257, 1049, 8489, 284, 1382, 290, 19356, 262, 4678, 290, 7401, 2622, 284, 6758, 287, 257, 8902, 5609, 2214, 13, 198, 198, 23812, 703, 284, 5911, 290, 19386, 11390, 198, 198, 49111, 1276, 2221, 416, 1719, 257, 6414, 11, 16689, 1074, 11, 4306, 484, 714, 307, 4423, 866, 393, 6928, 13, 1318, 815, 307, 5035, 15662, 284, 787, 1654, 2706, 423, 262, 24751, 290, 1998, 284, 3031, 284, 5609, 6538, 2476, 290, 8902, 22636, 7822, 286, 511, 1628, 13, 198, 198, 29733, 364, 389, 749, 7634, 10085, 284, 7558, 1061, 262, 1459, 12965, 3968, 13, 1318, 318, 645, 3306, 4708, 1634, 393, 7118, 286, 597, 286, 262, 14895, 326, 1011, 1848, 286, 257, 3094, 2837, 286, 3451, 30084, 13, 554, 1804, 523, 11, 340, 318, 1593, 284, 7564, 326, 4409, 286, 5745, 326, 1873, 546, 3478, 393, 517, 3925, 481, 423, 517, 3663, 284, 1895, 4678, 290, 3968, 326, 11390, 3588, 470, 1654, 546, 357, 5562, 852, 11, 351, 257, 890, 3451, 287, 257, 7124, 47827, 11, 356, 836, 470, 423, 1895, 284, 1336, 3047, 393, 3047, 319, 262, 19165, 286, 922, 1693, 11939, 8, 475]"," for companies to embrace hiring professionals in their projects as well. It gives a great foundation to build and harness the skills and talent needed to succeed in a rapidly changing field.

Know how to identify and integrate employers

Companies must begin by having a consistent, accountable team, otherwise they could be shut down or replaced. There should be appropriate oversight to make sure companies have the qualifications and experience to respond to changing employee needs and rapidly accelerate implementation of their project.

Employers are most strongly encouraged to constantly follow the current hiring culture. There is no necessary professionalization or expansion of any of the assumptions that take account of a wide range of career demographics. In doing so, it is important to recognize that employees of organizations that employ about ten or more individuals will have more opportunity to access skills and culture that employers aren't sure about (that being, with a long career in a marketing consultancy, we don't have access to full training or training on the basics of good job completion) but"
